  0
SECTION
  2
HEADER
  9
$ACADVER
  1
AC1014
  9
$ACADMAINTVER
 70
     9
  9
$DWGCODEPAGE
  3
ANSI_1252
  9
$INSBASE
 10
0.0
 20
0.0
 30
0.0
  9
$EXTMIN
 10
1.000000000000000E+20
 20
1.000000000000000E+20
 30
1.000000000000000E+20
  9
$EXTMAX
 10
-1.000000000000000E+20
 20
-1.000000000000000E+20
 30
-1.000000000000000E+20
  9
$LIMMIN
 10
0.0
 20
0.0
  9
$LIMMAX
 10
420.0
 20
297.0
  9
$ORTHOMODE
 70
     0
  9
$REGENMODE
 70
     1
  9
$FILLMODE
 70
     1
  9
$QTEXTMODE
 70
     0
  9
$MIRRTEXT
 70
     1
  9
$DRAGMODE
 70
     2
  9
$LTSCALE
 40
1.0
  9
$OSMODE
 70
    37
  9
$ATTMODE
 70
     1
  9
$TEXTSIZE
 40
2.5
  9
$TRACEWID
 40
1.0
  9
$TEXTSTYLE
  7
STANDARD
  9
$CLAYER
  8
0
  9
$CELTYPE
  6
BYLAYER
  9
$CECOLOR
 62
   256
  9
$CELTSCALE
 40
1.0
  9
$DELOBJ
 70
     1
  9
$DISPSILH
 70
     0
  9
$DIMSCALE
 40
1.0
  9
$DIMASZ
 40
2.5
  9
$DIMEXO
 40
0.625
  9
$DIMDLI
 40
3.75
  9
$DIMRND
 40
0.0
  9
$DIMDLE
 40
0.0
  9
$DIMEXE
 40
1.25
  9
$DIMTP
 40
0.0
  9
$DIMTM
 40
0.0
  9
$DIMTXT
 40
2.5
  9
$DIMCEN
 40
2.5
  9
$DIMTSZ
 40
0.0
  9
$DIMTOL
 70
     0
  9
$DIMLIM
 70
     0
  9
$DIMTIH
 70
     0
  9
$DIMTOH
 70
     0
  9
$DIMSE1
 70
     0
  9
$DIMSE2
 70
     0
  9
$DIMTAD
 70
     1
  9
$DIMZIN
 70
     8
  9
$DIMBLK
  1

  9
$DIMASO
 70
     1
  9
$DIMSHO
 70
     1
  9
$DIMPOST
  1

  9
$DIMAPOST
  1

  9
$DIMALT
 70
     0
  9
$DIMALTD
 70
     3
  9
$DIMALTF
 40
0.03937007874016
  9
$DIMLFAC
 40
1.0
  9
$DIMTOFL
 70
     1
  9
$DIMTVP
 40
0.0
  9
$DIMTIX
 70
     0
  9
$DIMSOXD
 70
     0
  9
$DIMSAH
 70
     0
  9
$DIMBLK1
  1

  9
$DIMBLK2
  1

  9
$DIMSTYLE
  2
ISO-25
  9
$DIMCLRD
 70
     0
  9
$DIMCLRE
 70
     0
  9
$DIMCLRT
 70
     0
  9
$DIMTFAC
 40
1.0
  9
$DIMGAP
 40
0.625
  9
$DIMJUST
 70
     0
  9
$DIMSD1
 70
     0
  9
$DIMSD2
 70
     0
  9
$DIMTOLJ
 70
     0
  9
$DIMTZIN
 70
     8
  9
$DIMALTZ
 70
     0
  9
$DIMALTTZ
 70
     0
  9
$DIMFIT
 70
     3
  9
$DIMUPT
 70
     0
  9
$DIMUNIT
 70
     2
  9
$DIMDEC
 70
     2
  9
$DIMTDEC
 70
     2
  9
$DIMALTU
 70
     2
  9
$DIMALTTD
 70
     3
  9
$DIMTXSTY
  7
STANDARD
  9
$DIMAUNIT
 70
     0
  9
$LUNITS
 70
     2
  9
$LUPREC
 70
     4
  9
$SKETCHINC
 40
1.0
  9
$FILLETRAD
 40
0.0
  9
$AUNITS
 70
     0
  9
$AUPREC
 70
     0
  9
$MENU
  1
.
  9
$ELEVATION
 40
0.0
  9
$PELEVATION
 40
0.0
  9
$THICKNESS
 40
0.0
  9
$LIMCHECK
 70
     0
  9
$CHAMFERA
 40
0.0
  9
$CHAMFERB
 40
0.0
  9
$CHAMFERC
 40
0.0
  9
$CHAMFERD
 40
0.0
  9
$SKPOLY
 70
     0
  9
$TDCREATE
 40
2461112.794732778
  9
$TDUPDATE
 40
2461112.794732836
  9
$TDINDWG
 40
0.0000000116
  9
$TDUSRTIMER
 40
0.0000000116
  9
$USRTIMER
 70
     1
  9
$ANGBASE
 50
0.0
  9
$ANGDIR
 70
     0
  9
$PDMODE
 70
     0
  9
$PDSIZE
 40
0.0
  9
$PLINEWID
 40
0.0
  9
$COORDS
 70
     1
  9
$SPLFRAME
 70
     0
  9
$SPLINETYPE
 70
     6
  9
$SPLINESEGS
 70
     8
  9
$ATTDIA
 70
     0
  9
$ATTREQ
 70
     1
  9
$HANDLING
 70
     1
  9
$HANDSEED
  5
10000297
  9
$SURFTAB1
 70
     6
  9
$SURFTAB2
 70
     6
  9
$SURFTYPE
 70
     6
  9
$SURFU
 70
     6
  9
$SURFV
 70
     6
  9
$UCSNAME
  2

  9
$UCSORG
 10
0.0
 20
0.0
 30
0.0
  9
$UCSXDIR
 10
1.0
 20
0.0
 30
0.0
  9
$UCSYDIR
 10
0.0
 20
1.0
 30
0.0
  9
$PUCSNAME
  2

  9
$PUCSORG
 10
0.0
 20
0.0
 30
0.0
  9
$PUCSXDIR
 10
1.0
 20
0.0
 30
0.0
  9
$PUCSYDIR
 10
0.0
 20
1.0
 30
0.0
  9
$USERI1
 70
     0
  9
$USERI2
 70
     0
  9
$USERI3
 70
     0
  9
$USERI4
 70
     0
  9
$USERI5
 70
     0
  9
$USERR1
 40
0.0
  9
$USERR2
 40
0.0
  9
$USERR3
 40
0.0
  9
$USERR4
 40
0.0
  9
$USERR5
 40
0.0
  9
$WORLDVIEW
 70
     1
  9
$SHADEDGE
 70
     3
  9
$SHADEDIF
 70
    70
  9
$TILEMODE
 70
     1
  9
$MAXACTVP
 70
    64
  9
$PINSBASE
 10
0.0
 20
0.0
 30
0.0
  9
$PLIMCHECK
 70
     0
  9
$PEXTMIN
 10
1.000000000000000E+20
 20
1.000000000000000E+20
 30
1.000000000000000E+20
  9
$PEXTMAX
 10
-1.000000000000000E+20
 20
-1.000000000000000E+20
 30
-1.000000000000000E+20
  9
$PLIMMIN
 10
0.0
 20
0.0
  9
$PLIMMAX
 10
420.0
 20
297.0
  9
$UNITMODE
 70
     0
  9
$VISRETAIN
 70
     1
  9
$PLINEGEN
 70
     0
  9
$PSLTSCALE
 70
     1
  9
$TREEDEPTH
 70
  3020
  9
$PICKSTYLE
 70
     1
  9
$CMLSTYLE
  2
STANDARD
  9
$CMLJUST
 70
     0
  9
$CMLSCALE
 40
20.0
  9
$PROXYGRAPHICS
 70
     1
  9
$MEASUREMENT
 70
     1
  0
ENDSEC
  0
SECTION
  2
CLASSES
  0
CLASS
  1
ACDBDICTIONARYWDFLT
  2
AcDbDictionaryWithDefault
  3
ObjectDBX Classes
 90
        0
280
     0
281
     0
  0
CLASS
  1
VISUALSTYLE
  2
AcDbVisualStyle
  3
ObjectDBX Classes
 90
     4095
280
     0
281
     0
  0
CLASS
  1
MATERIAL
  2
AcDbMaterial
  3
ObjectDBX Classes
 90
     1153
280
     0
281
     0
  0
CLASS
  1
SCALE
  2
AcDbScale
  3
ObjectDBX Classes
 90
     1153
280
     0
281
     0
  0
CLASS
  1
TABLESTYLE
  2
AcDbTableStyle
  3
ObjectDBX Classes
 90
     4095
280
     0
281
     0
  0
CLASS
  1
MLEADERSTYLE
  2
AcDbMLeaderStyle
  3
ACDB_MLEADERSTYLE_CLASS
 90
     4095
280
     0
281
     0
  0
CLASS
  1
SUN
  2
AcDbSun
  3
SCENEOE
 90
     1153
280
     0
281
     0
  0
CLASS
  1
SORTENTSTABLE
  2
AcDbSortentsTable
  3
ObjectDBX Classes
 90
        0
280
     0
281
     0
  0
CLASS
  1
DICTIONARYVAR
  2
AcDbDictionaryVar
  3
ObjectDBX Classes
 90
        0
280
     0
281
     0
  0
CLASS
  1
XRECORD
  2
AcDbXrecord
  3
ObjectDBX Classes
 90
        0
280
     0
281
     0
  0
CLASS
  1
LWPOLYLINE
  2
AcDbPolyline
  3
ObjectDBX Classes
 90
        0
280
     0
281
     1
  0
CLASS
  1
HATCH
  2
AcDbHatch
  3
ObjectDBX Classes
 90
        0
280
     0
281
     1
  0
CLASS
  1
ACDBPLACEHOLDER
  2
AcDbPlaceHolder
  3
ObjectDBX Classes
 90
        0
280
     0
281
     0
  0
CLASS
  1
LAYOUT
  2
AcDbLayout
  3
ObjectDBX Classes
 90
        0
280
     0
281
     0
  0
ENDSEC
  0
SECTION
  2
TABLES
  0
TABLE
  2
VPORT
  5
8
102
{ACAD_XDICTIONARY
360
1000028C
102
}
330
0
100
AcDbSymbolTable
 70
     1
  0
VPORT
  5
29
330
8
100
AcDbSymbolTableRecord
100
AcDbViewportTableRecord
  2
*ACTIVE
 70
     0
 10
0.0
 20
0.0
 11
1.0
 21
1.0
 12
344.1869158878504
 22
148.5
 13
0.0
 23
0.0
 14
10.0
 24
10.0
 15
10.0
 25
10.0
 16
0.0
 26
0.0
 36
1.0
 17
0.0
 27
0.0
 37
0.0
 40
297.0
 41
1.972972972850329
 42
50.0
 43
0.0
 44
0.0
 50
0.0
 51
0.0
 71
     0
 72
   100
 73
     1
 74
     3
 75
     0
 76
     0
 77
     0
 78
     0
  0
ENDTAB
  0
TABLE
  2
LTYPE
  5
5
330
0
100
AcDbSymbolTable
 70
     7
  0
LTYPE
  5
14
330
5
100
AcDbSymbolTableRecord
100
AcDbLinetypeTableRecord
  2
BYBLOCK
 70
     0
  3

 72
    65
 73
     0
 40
0.0
  0
LTYPE
  5
15
330
5
100
AcDbSymbolTableRecord
100
AcDbLinetypeTableRecord
  2
BYLAYER
 70
     0
  3

 72
    65
 73
     0
 40
0.0
  0
LTYPE
  5
16
330
5
100
AcDbSymbolTableRecord
100
AcDbLinetypeTableRecord
  2
CONTINUOUS
 70
     0
  3
Solid line
 72
    65
 73
     0
 40
0.0
  0
LTYPE
  5
10000024
330
5
100
AcDbSymbolTableRecord
100
AcDbLinetypeTableRecord
  2
ONS_PHANTOM
 70
     0
  3
Onshape Phantom line ______ __ __ ______
 72
    65
 73
     6
 40
0.4999999999999999
 49
0.25
 74
     0
 49
-0.05
 74
     0
 49
0.05
 74
     0
 49
-0.05
 74
     0
 49
0.05
 74
     0
 49
-0.05
 74
     0
  0
LTYPE
  5
10000025
330
5
100
AcDbSymbolTableRecord
100
AcDbLinetypeTableRecord
  2
CENTER
 70
     0
  3
Center line ____ _ ____ _ ____ _
 72
    65
 73
     4
 40
0.7874015748031495
 49
0.4921259842519685
 74
     0
 49
-0.0984251968503937
 74
     0
 49
0.0984251968503937
 74
     0
 49
-0.0984251968503937
 74
     0
  0
LTYPE
  5
10000026
330
5
100
AcDbSymbolTableRecord
100
AcDbLinetypeTableRecord
  2
DASHED
 70
     0
  3
Dashed line __ __ __ __ __
 72
    65
 73
     2
 40
0.75
 49
0.5
 74
     0
 49
-0.25
 74
     0
  0
LTYPE
  5
10000027
330
5
100
AcDbSymbolTableRecord
100
AcDbLinetypeTableRecord
  2
ONS_DASHDOT
 70
     0
  3
Onshape Dashed with Dot _ . ____ . ____
 72
    65
 73
     4
 40
0.71
 49
0.5
 74
     0
 49
-0.1
 74
     0
 49
0.01
 74
     0
 49
-0.1
 74
     0
  0
LTYPE
  5
10000028
330
5
100
AcDbSymbolTableRecord
100
AcDbLinetypeTableRecord
  2
ONS_DOTTED
 70
     0
  3
Onshape Dotted line . . . . . . .
 72
    65
 73
     2
 40
0.11
 49
0.01
 74
     0
 49
-0.1
 74
     0
  0
LTYPE
  5
10000029
330
5
100
AcDbSymbolTableRecord
100
AcDbLinetypeTableRecord
  2
HIDDEN
 70
     0
  3
Hidden line ____ ____ ____ ____ 
 72
    65
 73
     2
 40
0.15
 49
0.1
 74
     0
 49
-0.05
 74
     0
  0
ENDTAB
  0
TABLE
  2
LAYER
  5
2
330
0
100
AcDbSymbolTable
 70
    48
  0
LAYER
  5
10
330
2
100
AcDbSymbolTableRecord
100
AcDbLayerTableRecord
  2
0
 70
     0
 62
     7
  6
CONTINUOUS
  0
LAYER
  5
1000002A
330
2
100
AcDbSymbolTableRecord
100
AcDbLayerTableRecord
  2
SECTION_CUTTING_LINE
 70
     0
 62
     7
  6
ONS_DASHDOT
  0
LAYER
  5
1000002B
330
2
100
AcDbSymbolTableRecord
100
AcDbLayerTableRecord
  2
DETAIL_VIEW_BORDER
 70
     0
 62
     7
  6
CONTINUOUS
  0
LAYER
  5
1000002C
330
2
100
AcDbSymbolTableRecord
100
AcDbLayerTableRecord
  2
DETAIL_VIEW_PARENT_BORDER
 70
     0
 62
     7
  6
ONS_PHANTOM
  0
LAYER
  5
1000002D
330
2
100
AcDbSymbolTableRecord
100
AcDbLayerTableRecord
  2
TEXT
 70
     0
 62
     7
  6
CONTINUOUS
  0
LAYER
  5
1000002E
330
2
100
AcDbSymbolTableRecord
100
AcDbLayerTableRecord
  2
SKETCHED_GEOMETRY
 70
     0
 62
    -7
  6
CONTINUOUS
  0
LAYER
  5
1000002F
330
2
100
AcDbSymbolTableRecord
100
AcDbLayerTableRecord
  2
VIRTUAL_SHARPS
 70
     0
 62
    -7
  6
CONTINUOUS
  0
LAYER
  5
10000030
330
2
100
AcDbSymbolTableRecord
100
AcDbLayerTableRecord
  2
CENTERLINES
 70
     0
 62
    -7
  6
CENTER
  0
LAYER
  5
10000031
330
2
100
AcDbSymbolTableRecord
100
AcDbLayerTableRecord
  2
CENTERMARKS
 70
     0
 62
    -7
  6
CONTINUOUS
  0
LAYER
  5
10000032
330
2
100
AcDbSymbolTableRecord
100
AcDbLayerTableRecord
  2
TABLES
 70
     0
 62
     7
  6
CONTINUOUS
  0
LAYER
  5
10000033
330
2
100
AcDbSymbolTableRecord
100
AcDbLayerTableRecord
  2
IMAGES
 70
     0
 62
    -7
  6
CONTINUOUS
  0
LAYER
  5
10000034
330
2
100
AcDbSymbolTableRecord
100
AcDbLayerTableRecord
  2
ANNOTATION_LINES
 70
     0
 62
    -7
  6
CONTINUOUS
  0
LAYER
  5
10000035
330
2
100
AcDbSymbolTableRecord
100
AcDbLayerTableRecord
  2
ANNOTATION_TEXT
 70
     0
 62
    -7
  6
CONTINUOUS
  0
LAYER
  5
10000036
330
2
100
AcDbSymbolTableRecord
100
AcDbLayerTableRecord
  2
SIDE_THREAD_SYMBOLS
 70
     0
 62
     7
  6
CONTINUOUS
  0
LAYER
  5
10000037
330
2
100
AcDbSymbolTableRecord
100
AcDbLayerTableRecord
  2
SIDE_THREAD_SYMBOLS_HIDDEN
 70
     0
 62
    -7
  6
HIDDEN
  0
LAYER
  5
10000038
330
2
100
AcDbSymbolTableRecord
100
AcDbLayerTableRecord
  2
SURFACE_THREAD_SYMBOLS
 70
     0
 62
     7
  6
CONTINUOUS
  0
LAYER
  5
10000039
330
2
100
AcDbSymbolTableRecord
100
AcDbLayerTableRecord
  2
SURFACE_THREAD_SYMBOLS_ON_
 70
     0
 62
     7
  6
CONTINUOUS
  0
LAYER
  5
1000003A
330
2
100
AcDbSymbolTableRecord
100
AcDbLayerTableRecord
  2
SURFACE_THREAD_SYMBOLS_HID
 70
     0
 62
    -7
  6
HIDDEN
  0
LAYER
  5
1000003B
330
2
100
AcDbSymbolTableRecord
100
AcDbLayerTableRecord
  2
BLIND_THREAD_SYMBOLS
 70
     0
 62
     7
  6
CONTINUOUS
  0
LAYER
  5
1000003C
330
2
100
AcDbSymbolTableRecord
100
AcDbLayerTableRecord
  2
BLIND_THREAD_SYMBOLS_HIDDE
 70
     0
 62
    -7
  6
HIDDEN
  0
LAYER
  5
1000003D
330
2
100
AcDbSymbolTableRecord
100
AcDbLayerTableRecord
  2
EXPLODE_LINES
 70
     0
 62
     7
  6
ONS_PHANTOM
  0
LAYER
  5
1000003E
330
2
100
AcDbSymbolTableRecord
100
AcDbLayerTableRecord
  2
HIDDEN_EXPLODE_LINES
 70
     0
 62
    -7
  6
ONS_PHANTOM
  0
LAYER
  5
1000003F
330
2
100
AcDbSymbolTableRecord
100
AcDbLayerTableRecord
  2
BREAK_LINES
 70
     0
 62
    -7
  6
CONTINUOUS
  0
LAYER
  5
10000040
330
2
100
AcDbSymbolTableRecord
100
AcDbLayerTableRecord
  2
SHEETMETAL_BEND_LINES_UP
 70
     0
 62
     7
  6
CENTER
  0
LAYER
  5
10000041
330
2
100
AcDbSymbolTableRecord
100
AcDbLayerTableRecord
  2
SHEETMETAL_BEND_LINES_DOWN
 70
     0
 62
     7
  6
CENTER
  0
LAYER
  5
10000042
330
2
100
AcDbSymbolTableRecord
100
AcDbLayerTableRecord
  2
SHEETMETAL_BEND_TANGENT_LI
 70
     0
 62
     7
  6
CONTINUOUS
  0
LAYER
  5
10000043
330
2
100
AcDbSymbolTableRecord
100
AcDbLayerTableRecord
  2
SHEETMETAL_CUT_LINES
 70
     0
 62
     7
  6
CONTINUOUS
  0
LAYER
  5
10000044
330
2
100
AcDbSymbolTableRecord
100
AcDbLayerTableRecord
  2
SHEETMETAL_CBORE_CSINK_UP
 70
     0
 62
     7
  6
CONTINUOUS
  0
LAYER
  5
10000045
330
2
100
AcDbSymbolTableRecord
100
AcDbLayerTableRecord
  2
SHEETMETAL_CBORE_CSINK_DOW
 70
     0
 62
     7
  6
CONTINUOUS
  0
LAYER
  5
10000046
330
2
100
AcDbSymbolTableRecord
100
AcDbLayerTableRecord
  2
SHEETMETAL_CBORE_CSINK_UP_
 70
     0
 62
    -7
  6
HIDDEN
  0
LAYER
  5
10000047
330
2
100
AcDbSymbolTableRecord
100
AcDbLayerTableRecord
  2
SHEETMETAL_CBORE_CSINK_DO0
 70
     0
 62
    -7
  6
HIDDEN
  0
LAYER
  5
10000048
330
2
100
AcDbSymbolTableRecord
100
AcDbLayerTableRecord
  2
SHEETMETAL_FORM_TEAR
 70
     0
 62
     7
  6
CONTINUOUS
  0
LAYER
  5
10000049
330
2
100
AcDbSymbolTableRecord
100
AcDbLayerTableRecord
  2
SHEETMETAL_FORM_UP
 70
     0
 62
     7
  6
CENTER
  0
LAYER
  5
1000004A
330
2
100
AcDbSymbolTableRecord
100
AcDbLayerTableRecord
  2
SHEETMETAL_FORM_DOWN
 70
     0
 62
     7
  6
CENTER
  0
LAYER
  5
1000004B
330
2
100
AcDbSymbolTableRecord
100
AcDbLayerTableRecord
  2
SHEETMETAL_FORM_CENTERMARK
 70
     0
 62
     7
  6
CENTER
  0
LAYER
  5
1000004C
330
2
100
AcDbSymbolTableRecord
100
AcDbLayerTableRecord
  2
REGION_ASSOC_POINTS
 70
     0
 62
    -7
  6
CONTINUOUS
  0
LAYER
  5
1000004D
330
2
100
AcDbSymbolTableRecord
100
AcDbLayerTableRecord
  2
PATTERN_CENTERLINES
 70
     1
 62
    -7
  6
CENTER
  0
LAYER
  5
1000004E
330
2
100
AcDbSymbolTableRecord
100
AcDbLayerTableRecord
  2
HIDDEN
 70
     0
 62
    -7
  6
HIDDEN
  0
LAYER
  5
1000004F
330
2
100
AcDbSymbolTableRecord
100
AcDbLayerTableRecord
  2
VISIBLE
 70
     0
 62
     7
  6
CONTINUOUS
  0
LAYER
  5
10000050
330
2
100
AcDbSymbolTableRecord
100
AcDbLayerTableRecord
  2
MODELSKETCH_VISIBLE
 70
     0
 62
     7
  6
CONTINUOUS
  0
LAYER
  5
10000051
330
2
100
AcDbSymbolTableRecord
100
AcDbLayerTableRecord
  2
MODELSKETCH_POINT
 70
     0
 62
     7
  6
CONTINUOUS
  0
LAYER
  5
10000052
330
2
100
AcDbSymbolTableRecord
100
AcDbLayerTableRecord
  2
MODELSKETCH_CONSTRUCTION
 70
     0
 62
    -7
  6
CENTER
  0
LAYER
  5
10000053
330
2
100
AcDbSymbolTableRecord
100
AcDbLayerTableRecord
  2
HIDDEN_BASE_VIEW
 70
     0
 62
     7
  6
CONTINUOUS
  0
LAYER
  5
10000054
330
2
100
AcDbSymbolTableRecord
100
AcDbLayerTableRecord
  2
TANGENT_LINES
 70
     0
 62
    -7
  6
CONTINUOUS
  0
LAYER
  5
10000055
330
2
100
AcDbSymbolTableRecord
100
AcDbLayerTableRecord
  2
TANGENT_HIDDEN
 70
     0
 62
    -7
  6
HIDDEN
  0
LAYER
  5
10000056
330
2
100
AcDbSymbolTableRecord
100
AcDbLayerTableRecord
  2
INVISIBLE_LINES
 70
     0
 62
    -7
  6
CONTINUOUS
  0
LAYER
  5
10000057
330
2
100
AcDbSymbolTableRecord
100
AcDbLayerTableRecord
  2
VIEW_HATCHES
 70
     0
 62
    -7
  6
CONTINUOUS
  0
LAYER
  5
10000058
330
2
100
AcDbSymbolTableRecord
100
AcDbLayerTableRecord
  2
SECTION_JOG_LINES
 70
     0
 62
    -7
  6
CONTINUOUS
  0
ENDTAB
  0
TABLE
  2
STYLE
  5
3
330
0
100
AcDbSymbolTable
 70
     2
  0
STYLE
  5
11
330
3
100
AcDbSymbolTableRecord
100
AcDbTextStyleTableRecord
  2
STANDARD
 70
     0
 40
0.0
 41
1.0
 50
0.0
 71
     0
 42
2.5
  3
txt
  4

  0
STYLE
  5
10000004
330
3
100
AcDbSymbolTableRecord
100
AcDbTextStyleTableRecord
  2
TTFSTYLE
 70
     0
 40
0.0
 41
1.0
 50
0.0
 71
     0
 42
2.5
  3

  4

1001
ACAD
1000
Verdana
1071
       34
  0
ENDTAB
  0
TABLE
  2
VIEW
  5
6
330
0
100
AcDbSymbolTable
 70
     0
  0
ENDTAB
  0
TABLE
  2
UCS
  5
7
330
0
100
AcDbSymbolTable
 70
     0
  0
ENDTAB
  0
TABLE
  2
APPID
  5
9
330
0
100
AcDbSymbolTable
 70
     2
  0
APPID
  5
12
330
9
100
AcDbSymbolTableRecord
100
AcDbRegAppTableRecord
  2
ACAD
 70
     0
  0
APPID
  5
10000296
330
9
100
AcDbSymbolTableRecord
100
AcDbRegAppTableRecord
  2
ACAD_MLEADERVER
 70
     0
  0
ENDTAB
  0
TABLE
  2
DIMSTYLE
  5
A
330
0
100
AcDbSymbolTable
 70
     1
  0
DIMSTYLE
105
27
330
A
100
AcDbSymbolTableRecord
100
AcDbDimStyleTableRecord
  2
ISO-25
 70
     0
  3

  4

  5

  6

  7

 40
1.0
 41
2.5
 42
0.625
 43
3.75
 44
1.25
 45
0.0
 46
0.0
 47
0.0
 48
0.0
140
2.5
141
2.5
142
0.0
143
0.03937007874016
144
1.0
145
0.0
146
1.0
147
0.625
 71
     0
 72
     0
 73
     0
 74
     0
 75
     0
 76
     0
 77
     1
 78
     8
170
     0
171
     3
172
     1
173
     0
174
     0
175
     0
176
     0
177
     0
178
     0
270
     2
271
     2
272
     2
273
     2
274
     3
340
11
275
     0
280
     0
281
     0
282
     0
283
     0
284
     8
285
     0
286
     0
287
     3
288
     0
  0
ENDTAB
  0
TABLE
  2
BLOCK_RECORD
  5
1
330
0
100
AcDbSymbolTable
 70
     0
  0
BLOCK_RECORD
  5
1F
102
{ACAD_XDICTIONARY
360
1000025D
102
}
330
1
100
AcDbSymbolTableRecord
100
AcDbBlockTableRecord
  2
*MODEL_SPACE
  0
BLOCK_RECORD
  5
1B
330
1
100
AcDbSymbolTableRecord
100
AcDbBlockTableRecord
  2
*PAPER_SPACE
  0
ENDTAB
  0
ENDSEC
  0
SECTION
  2
BLOCKS
  0
BLOCK
  5
20
330
1F
100
AcDbEntity
  8
0
100
AcDbBlockBegin
  2
*MODEL_SPACE
 70
     0
 10
0.0
 20
0.0
 30
0.0
  3
*MODEL_SPACE
  1

  0
ENDBLK
  5
21
330
1F
100
AcDbEntity
  8
0
100
AcDbBlockEnd
  0
BLOCK
  5
1C
330
1B
100
AcDbEntity
 67
     1
  8
0
100
AcDbBlockBegin
  2
*PAPER_SPACE
 70
     0
 10
0.0
 20
0.0
 30
0.0
  3
*PAPER_SPACE
  1

  0
ENDBLK
  5
1D
330
1B
100
AcDbEntity
 67
     1
  8
0
100
AcDbBlockEnd
  0
ENDSEC
  0
SECTION
  2
ENTITIES
  0
CIRCLE
  5
10000059
102
{ACAD_XDICTIONARY
360
1000005A
102
}
330
1F
100
AcDbEntity
  8
VISIBLE
100
AcDbCircle
 10
-287.890898814831
 20
39.29999999999993
 30
0.0
 40
1.248442330650745
  0
CIRCLE
  5
1000005F
102
{ACAD_XDICTIONARY
360
10000060
102
}
330
1F
100
AcDbEntity
  8
VISIBLE
100
AcDbCircle
 10
-338.5629752099566
 20
42.8441267119681
 30
0.0
 40
1.249999999999973
  0
CIRCLE
  5
10000065
102
{ACAD_XDICTIONARY
360
10000066
102
}
330
1F
100
AcDbEntity
  8
VISIBLE
100
AcDbCircle
 10
-338.5629752099566
 20
21.60841138265923
 30
0.0
 40
1.249999999999973
  0
CIRCLE
  5
1000006B
102
{ACAD_XDICTIONARY
360
1000006C
102
}
330
1F
100
AcDbEntity
  8
VISIBLE
100
AcDbCircle
 10
-312.0197530643234
 20
24.99999999999998
 30
0.0
 40
2.149999999999985
  0
CIRCLE
  5
10000071
102
{ACAD_XDICTIONARY
360
10000072
102
}
330
1F
100
AcDbEntity
  8
VISIBLE
100
AcDbCircle
 10
-236.3628988148311
 20
24.99999999999997
 30
0.0
 40
2.150000000000013
  0
CIRCLE
  5
10000077
102
{ACAD_XDICTIONARY
360
10000078
102
}
330
1F
100
AcDbEntity
  8
VISIBLE
100
AcDbCircle
 10
-160.7060445653387
 20
24.99999999999996
 30
0.0
 40
2.150000000000013
  0
LINE
  5
1000007D
102
{ACAD_XDICTIONARY
360
1000007E
102
}
330
1F
100
AcDbEntity
  8
VISIBLE
100
AcDbLine
 10
-117.8776174405926
 20
48.99999999999994
 30
0.0
 11
-117.8776174405926
 21
36.99999999999991
 31
0.0
  0
LINE
  5
10000081
102
{ACAD_XDICTIONARY
360
10000082
102
}
330
1F
100
AcDbEntity
  8
VISIBLE
100
AcDbLine
 10
-104.3913259395773
 20
49.99999999999995
 30
0.0
 11
-116.8776174405926
 21
49.99999999999995
 31
0.0
  0
LINE
  5
10000085
102
{ACAD_XDICTIONARY
360
10000086
102
}
330
1F
100
AcDbEntity
  8
VISIBLE
100
AcDbLine
 10
-122.8776174405926
 20
35.99999999999996
 30
0.0
 11
-125.7060445653387
 21
35.99999999999996
 31
0.0
  0
LINE
  5
10000089
102
{ACAD_XDICTIONARY
360
1000008A
102
}
330
1F
100
AcDbEntity
  8
VISIBLE
100
AcDbLine
 10
-104.3913259395773
 20
-0.0000000000000293
 30
0.0
 11
-124.6096682481614
 21
-0.0000000000000318
 31
0.0
  0
LINE
  5
1000008D
102
{ACAD_XDICTIONARY
360
1000008E
102
}
330
1F
100
AcDbEntity
  8
VISIBLE
100
AcDbLine
 10
-122.8776174405926
 20
2.999999999999991
 30
0.0
 11
-122.8776174405926
 21
7.999999999999964
 31
0.0
  0
LINE
  5
10000091
102
{ACAD_XDICTIONARY
360
10000092
102
}
330
1F
100
AcDbEntity
  8
VISIBLE
100
AcDbLine
 10
-122.8776174405926
 20
14.00000000000002
 30
0.0
 11
-120.0491903158464
 21
13.99999999999994
 31
0.0
  0
LINE
  5
10000095
102
{ACAD_XDICTIONARY
360
10000096
102
}
330
1F
100
AcDbEntity
  8
VISIBLE
100
AcDbLine
 10
-120.0491903158464
 20
13.99999999999994
 30
0.0
 11
-120.0491903158464
 21
15.88335022135448
 31
0.0
  0
LINE
  5
10000099
102
{ACAD_XDICTIONARY
360
1000009A
102
}
330
1F
100
AcDbEntity
  8
VISIBLE
100
AcDbLine
 10
-122.8776174405926
 20
46.99999999999989
 30
0.0
 11
-122.8776174405926
 21
41.99999999999996
 31
0.0
  0
LINE
  5
1000009D
102
{ACAD_XDICTIONARY
360
1000009E
102
}
330
1F
100
AcDbEntity
  8
VISIBLE
100
AcDbLine
 10
-120.8776174405926
 20
16.00000000000002
 30
0.0
 11
-124.8776174405926
 21
15.99999999999994
 31
0.0
  0
LINE
  5
100000A1
102
{ACAD_XDICTIONARY
360
100000A2
102
}
330
1F
100
AcDbEntity
  8
VISIBLE
100
AcDbLine
 10
-193.5344716900849
 20
0.9999999999999601
 30
0.0
 11
-193.5344716900849
 21
13.00000000000002
 31
0.0
  0
LINE
  5
100000A5
102
{ACAD_XDICTIONARY
360
100000A6
102
}
330
1F
100
AcDbEntity
  8
VISIBLE
100
AcDbLine
 10
-349.8481801890695
 20
35.99999999999994
 30
0.0
 11
-347.0197530643234
 21
35.99999999999999
 31
0.0
  0
LINE
  5
100000A9
102
{ACAD_XDICTIONARY
360
100000AA
102
}
330
1F
100
AcDbEntity
  8
VISIBLE
100
AcDbLine
 10
-274.1913259395772
 20
46.9999999999999
 30
0.0
 11
-274.1913259395772
 21
41.99999999999993
 31
0.0
  0
LINE
  5
100000AD
102
{ACAD_XDICTIONARY
360
100000AE
102
}
330
1F
100
AcDbEntity
  8
VISIBLE
100
AcDbLine
 10
-274.1913259395772
 20
35.99999999999992
 30
0.0
 11
-277.0197530643234
 21
35.99999999999998
 31
0.0
  0
LINE
  5
100000B1
102
{ACAD_XDICTIONARY
360
100000B2
102
}
330
1F
100
AcDbEntity
  8
VISIBLE
100
AcDbLine
 10
-277.0197530643234
 20
35.99999999999998
 30
0.0
 11
-277.0197530643234
 21
34.11664977864542
 31
0.0
  0
LINE
  5
100000B5
102
{ACAD_XDICTIONARY
360
100000B6
102
}
330
1F
100
AcDbEntity
  8
VISIBLE
100
AcDbLine
 10
-198.5344716900849
 20
14.0
 30
0.0
 11
-201.3628988148311
 21
13.99999999999997
 31
0.0
  0
LINE
  5
100000B9
102
{ACAD_XDICTIONARY
360
100000BA
102
}
330
1F
100
AcDbEntity
  8
VISIBLE
100
AcDbLine
 10
-272.1913259395772
 20
33.99999999999997
 30
0.0
 11
-276.1913259395772
 21
33.99999999999987
 31
0.0
  0
LINE
  5
100000BD
102
{ACAD_XDICTIONARY
360
100000BE
102
}
330
1F
100
AcDbEntity
  8
VISIBLE
100
AcDbLine
 10
-274.1913259395772
 20
14.0
 30
0.0
 11
-271.3628988148311
 21
13.99999999999999
 31
0.0
  0
LINE
  5
100000C1
102
{ACAD_XDICTIONARY
360
100000C2
102
}
330
1F
100
AcDbEntity
  8
VISIBLE
100
AcDbLine
 10
-269.1913259395772
 20
48.99999999999993
 30
0.0
 11
-269.1913259395772
 21
36.99999999999987
 31
0.0
  0
LINE
  5
100000C5
102
{ACAD_XDICTIONARY
360
100000C6
102
}
330
1F
100
AcDbEntity
  8
VISIBLE
100
AcDbLine
 10
-198.5344716900849
 20
46.99999999999989
 30
0.0
 11
-198.5344716900849
 21
41.99999999999996
 31
0.0
  0
LINE
  5
100000C9
102
{ACAD_XDICTIONARY
360
100000CA
102
}
330
1F
100
AcDbEntity
  8
VISIBLE
100
AcDbLine
 10
-347.0197530643234
 20
35.99999999999999
 30
0.0
 11
-347.0197530643234
 21
34.11664977864542
 31
0.0
  0
LINE
  5
100000CD
102
{ACAD_XDICTIONARY
360
100000CE
102
}
330
1F
100
AcDbEntity
  8
VISIBLE
100
AcDbLine
 10
-204.5344716900849
 20
49.99999999999994
 30
0.0
 11
-268.1913259395772
 21
49.99999999999993
 31
0.0
  0
LINE
  5
100000D1
102
{ACAD_XDICTIONARY
360
100000D2
102
}
330
1F
100
AcDbEntity
  8
VISIBLE
100
AcDbLine
 10
-121.1455666330237
 20
49.99999999999995
 30
0.0
 11
-200.2665224976538
 21
49.99999999999994
 31
0.0
  0
LINE
  5
100000D5
102
{ACAD_XDICTIONARY
360
100000D6
102
}
330
1F
100
AcDbEntity
  8
VISIBLE
100
AcDbLine
 10
-272.4592751320084
 20
49.99999999999993
 30
0.0
 11
-351.5802309966384
 21
49.99999999999992
 31
0.0
  0
LINE
  5
100000D9
102
{ACAD_XDICTIONARY
360
100000DA
102
}
330
1F
100
AcDbEntity
  8
VISIBLE
100
AcDbLine
 10
-347.8481801890695
 20
15.99999999999997
 30
0.0
 11
-351.8481801890695
 21
16.00000000000006
 31
0.0
  0
LINE
  5
100000DD
102
{ACAD_XDICTIONARY
360
100000DE
102
}
330
1F
100
AcDbEntity
  8
VISIBLE
100
AcDbLine
 10
-355.8481801890696
 20
49.99999999999992
 30
0.0
 11
-368.3913259395773
 21
49.99999999999992
 31
0.0
  0
LINE
  5
100000E1
102
{ACAD_XDICTIONARY
360
100000E2
102
}
330
1F
100
AcDbEntity
  8
VISIBLE
100
AcDbLine
 10
-279.1913259395772
 20
0.9999999999999488
 30
0.0
 11
-279.1913259395772
 21
13.00000000000003
 31
0.0
  0
LINE
  5
100000E5
102
{ACAD_XDICTIONARY
360
100000E6
102
}
330
1F
100
AcDbEntity
  8
VISIBLE
100
AcDbLine
 10
-274.1913259395772
 20
3.000000000000032
 30
0.0
 11
-274.1913259395772
 21
7.999999999999978
 31
0.0
  0
LINE
  5
100000E9
102
{ACAD_XDICTIONARY
360
100000EA
102
}
330
1F
100
AcDbEntity
  8
VISIBLE
100
AcDbLine
 10
-127.8776174405926
 20
0.999999999999967
 30
0.0
 11
-127.8776174405926
 21
13.00000000000002
 31
0.0
  0
LINE
  5
100000ED
102
{ACAD_XDICTIONARY
360
100000EE
102
}
330
1F
100
AcDbEntity
  8
VISIBLE
100
AcDbLine
 10
-198.5344716900849
 20
35.99999999999996
 30
0.0
 11
-195.7060445653387
 21
35.99999999999996
 31
0.0
  0
LINE
  5
100000F1
102
{ACAD_XDICTIONARY
360
100000F2
102
}
330
1F
100
AcDbEntity
  8
VISIBLE
100
AcDbLine
 10
-347.8481801890695
 20
33.99999999999999
 30
0.0
 11
-351.8481801890695
 21
33.99999999999989
 31
0.0
  0
LINE
  5
100000F5
102
{ACAD_XDICTIONARY
360
100000F6
102
}
330
1F
100
AcDbEntity
  8
VISIBLE
100
AcDbLine
 10
-124.8776174405926
 20
33.99999999999991
 30
0.0
 11
-120.8776174405926
 21
33.99999999999996
 31
0.0
  0
LINE
  5
100000F9
102
{ACAD_XDICTIONARY
360
100000FA
102
}
330
1F
100
AcDbEntity
  8
VISIBLE
100
AcDbLine
 10
-128.8776174405926
 20
-0.0000000000000323
 30
0.0
 11
-192.5344716900849
 21
-0.0000000000000401
 31
0.0
  0
LINE
  5
100000FD
102
{ACAD_XDICTIONARY
360
100000FE
102
}
330
1F
100
AcDbEntity
  8
VISIBLE
100
AcDbLine
 10
-203.5344716900849
 20
48.99999999999994
 30
0.0
 11
-203.5344716900849
 21
36.99999999999991
 31
0.0
  0
LINE
  5
10000101
102
{ACAD_XDICTIONARY
360
10000102
102
}
330
1F
100
AcDbEntity
  8
VISIBLE
100
AcDbLine
 10
-354.8481801890695
 20
48.99999999999993
 30
0.0
 11
-354.8481801890695
 21
36.99999999999989
 31
0.0
  0
LINE
  5
10000105
102
{ACAD_XDICTIONARY
360
10000106
102
}
330
1F
100
AcDbEntity
  8
VISIBLE
100
AcDbLine
 10
-386.3913259395773
 20
17.99999999999994
 30
0.0
 11
-386.3913259395773
 21
31.99999999999992
 31
0.0
  0
LINE
  5
10000109
102
{ACAD_XDICTIONARY
360
1000010A
102
}
330
1F
100
AcDbEntity
  8
VISIBLE
100
AcDbLine
 10
-348.1161293815006
 20
-0.0000000000000592
 30
0.0
 11
-368.3913259395773
 21
-0.0000000000000617
 31
0.0
  0
LINE
  5
1000010D
102
{ACAD_XDICTIONARY
360
1000010E
102
}
330
1F
100
AcDbEntity
  8
VISIBLE
100
AcDbLine
 10
-349.8481801890695
 20
3.000000000000018
 30
0.0
 11
-349.8481801890695
 21
7.999999999999991
 31
0.0
  0
LINE
  5
10000111
102
{ACAD_XDICTIONARY
360
10000112
102
}
330
1F
100
AcDbEntity
  8
VISIBLE
100
AcDbLine
 10
-125.7060445653387
 20
35.99999999999996
 30
0.0
 11
-125.7060445653387
 21
34.11664977864546
 31
0.0
  0
LINE
  5
10000115
102
{ACAD_XDICTIONARY
360
10000116
102
}
330
1F
100
AcDbEntity
  8
VISIBLE
100
AcDbLine
 10
-86.39132593957727
 20
17.99999999999998
 30
0.0
 11
-86.39132593957727
 21
31.99999999999995
 31
0.0
  0
LINE
  5
10000119
102
{ACAD_XDICTIONARY
360
1000011A
102
}
330
1F
100
AcDbEntity
  8
VISIBLE
100
AcDbLine
 10
-196.5344716900849
 20
33.99999999999991
 30
0.0
 11
-200.5344716900849
 21
33.99999999999996
 31
0.0
  0
LINE
  5
1000011D
102
{ACAD_XDICTIONARY
360
1000011E
102
}
330
1F
100
AcDbEntity
  8
VISIBLE
100
AcDbLine
 10
-349.8481801890695
 20
13.99999999999996
 30
0.0
 11
-352.6766073138157
 21
13.99999999999997
 31
0.0
  0
LINE
  5
10000121
102
{ACAD_XDICTIONARY
360
10000122
102
}
330
1F
100
AcDbEntity
  8
VISIBLE
100
AcDbLine
 10
-352.6766073138157
 20
13.99999999999997
 30
0.0
 11
-352.6766073138157
 21
15.8833502213545
 31
0.0
  0
LINE
  5
10000125
102
{ACAD_XDICTIONARY
360
10000126
102
}
330
1F
100
AcDbEntity
  8
VISIBLE
100
AcDbLine
 10
-344.8481801890695
 20
0.9999999999999419
 30
0.0
 11
-344.8481801890695
 21
13.00000000000005
 31
0.0
  0
LINE
  5
10000129
102
{ACAD_XDICTIONARY
360
1000012A
102
}
330
1F
100
AcDbEntity
  8
VISIBLE
100
AcDbLine
 10
-195.7060445653387
 20
35.99999999999996
 30
0.0
 11
-195.7060445653387
 21
34.11664977864545
 31
0.0
  0
LINE
  5
1000012D
102
{ACAD_XDICTIONARY
360
1000012E
102
}
330
1F
100
AcDbEntity
  8
VISIBLE
100
AcDbLine
 10
-198.5344716900849
 20
3.000000000000023
 30
0.0
 11
-198.5344716900849
 21
7.999999999999969
 31
0.0
  0
LINE
  5
10000131
102
{ACAD_XDICTIONARY
360
10000132
102
}
330
1F
100
AcDbEntity
  8
VISIBLE
100
AcDbLine
 10
-196.5344716900849
 20
15.99999999999997
 30
0.0
 11
-200.5344716900849
 21
16.00000000000004
 31
0.0
  0
LINE
  5
10000135
102
{ACAD_XDICTIONARY
360
10000136
102
}
330
1F
100
AcDbEntity
  8
VISIBLE
100
AcDbLine
 10
-280.1913259395773
 20
-0.0000000000000509
 30
0.0
 11
-343.8481801890696
 21
-0.0000000000000587
 31
0.0
  0
LINE
  5
10000139
102
{ACAD_XDICTIONARY
360
1000013A
102
}
330
1F
100
AcDbEntity
  8
VISIBLE
100
AcDbLine
 10
-349.8481801890695
 20
46.99999999999991
 30
0.0
 11
-349.8481801890696
 21
41.99999999999994
 31
0.0
  0
LINE
  5
1000013D
102
{ACAD_XDICTIONARY
360
1000013E
102
}
330
1F
100
AcDbEntity
  8
VISIBLE
100
AcDbLine
 10
-276.1913259395772
 20
15.99999999999999
 30
0.0
 11
-272.1913259395772
 21
16.00000000000003
 31
0.0
  0
LINE
  5
10000141
102
{ACAD_XDICTIONARY
360
10000142
102
}
330
1F
100
AcDbEntity
  8
VISIBLE
100
AcDbLine
 10
-271.3628988148311
 20
13.99999999999999
 30
0.0
 11
-271.3628988148311
 21
15.88335022135449
 31
0.0
  0
LINE
  5
10000145
102
{ACAD_XDICTIONARY
360
10000146
102
}
330
1F
100
AcDbEntity
  8
VISIBLE
100
AcDbLine
 10
-196.8024208825159
 20
-0.0000000000000407
 30
0.0
 11
-275.9233767471462
 21
-0.0000000000000504
 31
0.0
  0
LINE
  5
10000149
102
{ACAD_XDICTIONARY
360
1000014A
102
}
330
1F
100
AcDbEntity
  8
VISIBLE
100
AcDbLine
 10
-201.3628988148311
 20
13.99999999999997
 30
0.0
 11
-201.3628988148311
 21
15.88335022135449
 31
0.0
  0
SPLINE
  5
1000014D
102
{ACAD_XDICTIONARY
360
1000014E
102
}
330
1F
100
AcDbEntity
  8
VISIBLE
100
AcDbSpline
210
0.0
220
0.0
230
1.0
 70
     8
 71
     3
 72
    13
 73
     9
 74
     0
 42
0.0000000001
 43
0.00000001
 40
0.0
 40
0.0
 40
0.0
 40
0.0
 40
0.2184820765875196
 40
0.3612831697868089
 40
0.4999999999999992
 40
0.6387168302131895
 40
0.7815179234124823
 40
1.0
 40
1.0
 40
1.0
 40
1.0
 10
-116.8776174405926
 20
49.99999999999995
 30
0.0
 10
-117.0411375961613
 20
49.98408199607674
 30
0.0
 10
-117.3115354294786
 20
49.95775989678203
 30
0.0
 10
-117.4849571481993
 20
49.86552795671181
 30
0.0
 10
-117.6343021155084
 20
49.7566846749158
 30
0.0
 10
-117.7431453973044
 20
49.60733970760673
 30
0.0
 10
-117.8353773373746
 20
49.43391798888597
 30
0.0
 10
-117.8616994366693
 20
49.16352015556872
 30
0.0
 10
-117.8776174405926
 20
48.99999999999994
 30
0.0
  0
SPLINE
  5
10000151
102
{ACAD_XDICTIONARY
360
10000152
102
}
330
1F
100
AcDbEntity
  8
VISIBLE
100
AcDbSpline
210
0.0
220
0.0
230
1.0
 70
     8
 71
     3
 72
    15
 73
    11
 74
     0
 42
0.0000000001
 43
0.00000001
 40
0.0
 40
0.0
 40
0.0
 40
0.0
 40
0.2087563297928815
 40
0.3346497091035173
 40
0.4182406389879931
 40
0.4999999999999981
 40
0.5817593610120042
 40
0.6653502908964761
 40
0.7912436702071161
 40
1.0
 40
1.0
 40
1.0
 40
1.0
 10
-125.4756936519459
 20
1.499999999999967
 30
0.0
 10
-125.5908727365987
 20
1.261031653041369
 30
0.0
 10
-125.7755121542975
 20
0.8779501537930045
 30
0.0
 10
-125.7657004574942
 20
0.5939869975913646
 30
0.0
 10
-125.740198719671
 20
0.4758230309887063
 30
0.0
 10
-125.6959868937663
 20
0.3728136375343165
 30
0.0
 10
-125.6288840551587
 20
0.2830203764260153
 30
0.0
 10
-125.5393019271805
 20
0.2018532403290621
 30
0.0
 10
-125.2982884685727
 20
0.0513744835423069
 30
0.0
 10
-124.8742104496544
 20
0.0197361601852404
 30
0.0
 10
-124.6096682481615
 20
-0.0000000000000312
 30
0.0
  0
SPLINE
  5
10000155
102
{ACAD_XDICTIONARY
360
10000156
102
}
330
1F
100
AcDbEntity
  8
VISIBLE
100
AcDbSpline
210
0.0
220
0.0
230
1.0
 70
     8
 71
     3
 72
    15
 73
    11
 74
     0
 42
0.0000000001
 43
0.00000001
 40
0.0
 40
0.0
 40
0.0
 40
0.0
 40
0.2087563297928795
 40
0.3346497091035244
 40
0.4182406389880053
 40
0.4999999999999968
 40
0.5817593610120082
 40
0.665350290896485
 40
0.7912436702071183
 40
1.0
 40
1.0
 40
1.0
 40
1.0
 10
-351.5802309966384
 20
49.99999999999992
 30
0.0
 10
-351.8447731981313
 20
49.98026383981464
 30
0.0
 10
-352.2688512170497
 20
49.94862551645755
 30
0.0
 10
-352.5098646756574
 20
49.79814675967082
 30
0.0
 10
-352.5994468036358
 20
49.7169796235739
 30
0.0
 10
-352.6665496422431
 20
49.62718636246554
 30
0.0
 10
-352.710761468148
 20
49.5241769690112
 30
0.0
 10
-352.7362632059712
 20
49.40601300240851
 30
0.0
 10
-352.7460749027745
 20
49.12204984620688
 30
0.0
 10
-352.5614354850758
 20
48.73896834695852
 30
0.0
 10
-352.4462564004229
 20
48.49999999999991
 30
0.0
  0
SPLINE
  5
10000159
102
{ACAD_XDICTIONARY
360
1000015A
102
}
330
1F
100
AcDbEntity
  8
VISIBLE
100
AcDbSpline
210
0.0
220
0.0
230
1.0
 70
     8
 71
     3
 72
    15
 73
    11
 74
     0
 42
0.0000000001
 43
0.00000001
 40
0.0
 40
0.0
 40
0.0
 40
0.0
 40
0.2087563297928799
 40
0.3346497091035155
 40
0.4182406389879967
 40
0.5000000000000043
 40
0.5817593610120085
 40
0.665350290896485
 40
0.7912436702071199
 40
1.0
 40
1.0
 40
1.0
 40
1.0
 10
-200.2665224976538
 20
49.99999999999994
 30
0.0
 10
-200.5310646991468
 20
49.98026383981467
 30
0.0
 10
-200.955142718065
 20
49.9486255164576
 30
0.0
 10
-201.1961561766727
 20
49.79814675967084
 30
0.0
 10
-201.285738304651
 20
49.71697962357391
 30
0.0
 10
-201.3528411432586
 20
49.62718636246559
 30
0.0
 10
-201.3970529691632
 20
49.52417696901122
 30
0.0
 10
-201.4225547069864
 20
49.40601300240854
 30
0.0
 10
-201.4323664037899
 20
49.12204984620692
 30
0.0
 10
-201.2477269860912
 20
48.73896834695858
 30
0.0
 10
-201.1325479014382
 20
48.49999999999998
 30
0.0
  0
SPLINE
  5
1000015D
102
{ACAD_XDICTIONARY
360
1000015E
102
}
330
1F
100
AcDbEntity
  8
VISIBLE
100
AcDbSpline
210
0.0
220
0.0
230
1.0
 70
     8
 71
     3
 72
    17
 73
    13
 74
     0
 42
0.0000000001
 43
0.00000001
 40
0.0
 40
0.0
 40
0.0
 40
0.0
 40
0.0921097435802759
 40
0.1838649879689703
 40
0.275783442442907
 40
0.3893458157090473
 40
0.5007263303656095
 40
0.6115312996255329
 40
0.7240968785418237
 40
0.8162533837429318
 40
0.9077833009800985
 40
1.0
 40
1.0
 40
1.0
 40
1.0
 10
-104.3913259395773
 20
-0.0000000000000278
 30
0.0
 10
-103.5746176560995
 20
0.0005412568808216
 30
0.0
 10
-101.9443443225847
 20
0.0016216875281912
 30
0.0
 10
-99.4670437524597
 20
0.2715583218154934
 30
0.0
 10
-97.0834772204252
 20
0.7891888890432264
 30
0.0
 10
-93.57628296863011
 20
2.217277839924568
 30
0.0
 10
-90.75531503108982
 20
4.429827140489683
 30
0.0
 10
-88.58508924811032
 20
7.24178084154925
 30
0.0
 10
-87.18132376401151
 20
10.68549593800202
 30
0.0
 10
-86.66199867076551
 20
13.08423776176319
 30
0.0
 10
-86.39352506336338
 20
15.5464742231227
 30
0.0
 10
-86.39206080513755
 20
17.18012273523824
 30
0.0
 10
-86.39132593957727
 20
17.99999999999998
 30
0.0
  0
SPLINE
  5
10000161
102
{ACAD_XDICTIONARY
360
10000162
102
}
330
1F
100
AcDbEntity
  8
VISIBLE
100
AcDbSpline
210
0.0
220
0.0
230
1.0
 70
     8
 71
     3
 72
    13
 73
     9
 74
     0
 42
0.0000000001
 43
0.00000001
 40
0.0
 40
0.0
 40
0.0
 40
0.0
 40
0.2184820765875235
 40
0.361283169786825
 40
0.5000000000000108
 40
0.6387168302132071
 40
0.7815179234124805
 40
1.0
 40
1.0
 40
1.0
 40
1.0
 10
-354.8481801890696
 20
48.99999999999993
 30
0.0
 10
-354.8640981929928
 20
49.1635201555687
 30
0.0
 10
-354.8904202922873
 20
49.43391798888594
 30
0.0
 10
-354.9826522323578
 20
49.6073397076067
 30
0.0
 10
-355.0914955141537
 20
49.75668467491578
 30
0.0
 10
-355.2408404814628
 20
49.8655279567118
 30
0.0
 10
-355.4142622001835
 20
49.95775989678201
 30
0.0
 10
-355.6846600335007
 20
49.98408199607671
 30
0.0
 10
-355.8481801890695
 20
49.99999999999992
 30
0.0
  0
SPLINE
  5
10000165
102
{ACAD_XDICTIONARY
360
10000166
102
}
330
1F
100
AcDbEntity
  8
VISIBLE
100
AcDbSpline
210
0.0
220
0.0
230
1.0
 70
     8
 71
     3
 72
    17
 73
    13
 74
     0
 42
0.0000000001
 43
0.00000001
 40
0.0
 40
0.0
 40
0.0
 40
0.0
 40
0.0921097435782513
 40
0.1838649879666739
 40
0.2757834424398077
 40
0.3893458157090885
 40
0.5007263303656595
 40
0.611531299627076
 40
0.7240968785429942
 40
0.8162533837437383
 40
0.9077833010007685
 40
1.0
 40
1.0
 40
1.0
 40
1.0
 10
-368.3913259395773
 20
49.99999999999992
 30
0.0
 10
-369.2080342230128
 20
49.9994587431171
 30
0.0
 10
-370.8383075564588
 20
49.9983783124658
 30
0.0
 10
-373.3156081265837
 20
49.72844167823089
 30
0.0
 10
-375.6991746585546
 20
49.21081111099539
 30
0.0
 10
-379.2063689105802
 20
47.78272216010605
 30
0.0
 10
-382.0273368481075
 20
45.57017285953516
 30
0.0
 10
-384.1975626310652
 20
42.75821915835913
 30
0.0
 10
-385.6013281151893
 20
39.31450406185725
 30
0.0
 10
-386.1206532083989
 20
36.91576223823886
 30
0.0
 10
-386.3891268158928
 20
34.45352577580711
 30
0.0
 10
-386.390591074051
 20
32.81987726428411
 30
0.0
 10
-386.3913259395773
 20
31.99999999999992
 30
0.0
  0
SPLINE
  5
10000169
102
{ACAD_XDICTIONARY
360
1000016A
102
}
330
1F
100
AcDbEntity
  8
VISIBLE
100
AcDbSpline
210
0.0
220
0.0
230
1.0
 70
     8
 71
     3
 72
    13
 73
     9
 74
     0
 42
0.0000000001
 43
0.00000001
 40
0.0
 40
0.0
 40
0.0
 40
0.0
 40
0.2184820765875284
 40
0.3612831697867998
 40
0.4999999999999915
 40
0.6387168302131897
 40
0.7815179234124793
 40
1.0
 40
1.0
 40
1.0
 40
1.0
 10
-268.1913259395772
 20
49.99999999999994
 30
0.0
 10
-268.3548460951461
 20
49.98408199607675
 30
0.0
 10
-268.6252439284634
 20
49.95775989678204
 30
0.0
 10
-268.7986656471839
 20
49.86552795671178
 30
0.0
 10
-268.9480106144931
 20
49.75668467491579
 30
0.0
 10
-269.056853896289
 20
49.6073397076067
 30
0.0
 10
-269.1490858363593
 20
49.43391798888597
 30
0.0
 10
-269.175407935654
 20
49.1635201555687
 30
0.0
 10
-269.1913259395772
 20
48.99999999999993
 30
0.0
  0
SPLINE
  5
1000016D
102
{ACAD_XDICTIONARY
360
1000016E
102
}
330
1F
100
AcDbEntity
  8
VISIBLE
100
AcDbSpline
210
0.0
220
0.0
230
1.0
 70
     8
 71
     3
 72
    13
 73
     9
 74
     0
 42
0.0000000001
 43
0.00000001
 40
0.0
 40
0.0
 40
0.0
 40
0.0
 40
0.2184820765875282
 40
0.3612831697867984
 40
0.4999999999999916
 40
0.6387168302131876
 40
0.7815179234124795
 40
1.0
 40
1.0
 40
1.0
 40
1.0
 10
-280.1913259395773
 20
-0.000000000000052
 30
0.0
 10
-280.0278057840084
 20
0.0159180039231476
 30
0.0
 10
-279.7574079506913
 20
0.0422401032178618
 30
0.0
 10
-279.5839862319705
 20
0.1344720432880722
 30
0.0
 10
-279.4346412646614
 20
0.2433153250841019
 30
0.0
 10
-279.3257979828654
 20
0.3926602923931554
 30
0.0
 10
-279.2335660427952
 20
0.566082011113921
 30
0.0
 10
-279.2072439435004
 20
0.8364798444311737
 30
0.0
 10
-279.1913259395772
 20
0.9999999999999488
 30
0.0
  0
SPLINE
  5
10000171
102
{ACAD_XDICTIONARY
360
10000172
102
}
330
1F
100
AcDbEntity
  8
VISIBLE
100
AcDbSpline
210
0.0
220
0.0
230
1.0
 70
     8
 71
     3
 72
    15
 73
    11
 74
     0
 42
0.0000000001
 43
0.00000001
 40
0.0
 40
0.0
 40
0.0
 40
0.0
 40
0.2087563297928848
 40
0.3346497091035207
 40
0.4182406389879974
 40
0.5000000000000003
 40
0.5817593610120062
 40
0.6653502908964871
 40
0.7912436702071206
 40
1.0
 40
1.0
 40
1.0
 40
1.0
 10
-271.593249728224
 20
48.49999999999989
 30
0.0
 10
-271.4780706435711
 20
48.7389683469585
 30
0.0
 10
-271.2934312258723
 20
49.12204984620688
 30
0.0
 10
-271.3032429226756
 20
49.4060130024085
 30
0.0
 10
-271.328744660499
 20
49.52417696901117
 30
0.0
 10
-271.3729564864036
 20
49.62718636246557
 30
0.0
 10
-271.4400593250111
 20
49.71697962357388
 30
0.0
 10
-271.5296414529894
 20
49.79814675967083
 30
0.0
 10
-271.770654911597
 20
49.94862551645759
 30
0.0
 10
-272.1947329305154
 20
49.98026383981467
 30
0.0
 10
-272.4592751320084
 20
49.99999999999993
 30
0.0
  0
SPLINE
  5
10000175
102
{ACAD_XDICTIONARY
360
10000176
102
}
330
1F
100
AcDbEntity
  8
VISIBLE
100
AcDbSpline
210
0.0
220
0.0
230
1.0
 70
     8
 71
     3
 72
    15
 73
    11
 74
     0
 42
0.0000000001
 43
0.00000001
 40
0.0
 40
0.0
 40
0.0
 40
0.0
 40
0.2087563297928831
 40
0.334649709103516
 40
0.4182406389879911
 40
0.4999999999999937
 40
0.5817593610120116
 40
0.6653502908964765
 40
0.7912436702071105
 40
1.0
 40
1.0
 40
1.0
 40
1.0
 10
-276.7894021509306
 20
1.499999999999911
 30
0.0
 10
-276.9045812355835
 20
1.261031653041317
 30
0.0
 10
-277.0892206532824
 20
0.8779501537929629
 30
0.0
 10
-277.079408956479
 20
0.5939869975913308
 30
0.0
 10
-277.0539072186557
 20
0.4758230309886839
 30
0.0
 10
-277.0096953927511
 20
0.3728136375342708
 30
0.0
 10
-276.9425925541433
 20
0.2830203764260023
 30
0.0
 10
-276.8530104261653
 20
0.2018532403290267
 30
0.0
 10
-276.6119969675574
 20
0.0513744835422873
 30
0.0
 10
-276.1879189486392
 20
0.0197361601852204
 30
0.0
 10
-275.9233767471462
 20
-0.000000000000052
 30
0.0
  0
SPLINE
  5
10000179
102
{ACAD_XDICTIONARY
360
1000017A
102
}
330
1F
100
AcDbEntity
  8
VISIBLE
100
AcDbSpline
210
0.0
220
0.0
230
1.0
 70
     8
 71
     3
 72
    17
 73
    13
 74
     0
 42
0.0000000001
 43
0.00000001
 40
0.0
 40
0.0
 40
0.0
 40
0.0
 40
0.0921097435801251
 40
0.1838649879717433
 40
0.2757834424466393
 40
0.3893458157101238
 40
0.500726330366517
 40
0.6115312996252854
 40
0.7240968785416039
 40
0.8162533837442084
 40
0.9077833009865554
 40
1.0
 40
1.0
 40
1.0
 40
1.0
 10
-386.3913259395773
 20
17.99999999999994
 30
0.0
 10
-386.3907846827078
 20
17.18329171653084
 30
0.0
 10
-386.3897042520832
 20
15.55301838300621
 30
0.0
 10
-386.1197676176995
 20
13.07571781273776
 30
0.0
 10
-385.602137050482
 20
10.69215128064868
 30
0.0
 10
-384.1740480996024
 20
7.184957029038634
 30
0.0
 10
-381.9614987990548
 20
4.36398909147788
 30
0.0
 10
-379.1495450980493
 20
2.193763308553387
 30
0.0
 10
-375.7058300015694
 20
0.7899978244523664
 30
0.0
 10
-373.3070881777742
 20
0.2706727311466813
 30
0.0
 10
-370.8448517161265
 20
0.0021991237760693
 30
0.0
 10
-369.211203204195
 20
0.0007348655568287
 30
0.0
 10
-368.3913259395773
 20
-0.0000000000000625
 30
0.0
  0
SPLINE
  5
1000017D
102
{ACAD_XDICTIONARY
360
1000017E
102
}
330
1F
100
AcDbEntity
  8
VISIBLE
100
AcDbSpline
210
0.0
220
0.0
230
1.0
 70
     8
 71
     3
 72
    17
 73
    13
 74
     0
 42
0.0000000001
 43
0.00000001
 40
0.0
 40
0.0
 40
0.0
 40
0.0
 40
0.092109743580417
 40
0.1838649879688969
 40
0.2757834424428065
 40
0.3893458157092222
 40
0.5007263303657615
 40
0.6115312996254032
 40
0.7240968785417186
 40
0.8162533837432492
 40
0.9077833009824547
 40
1.0
 40
1.0
 40
1.0
 40
1.0
 10
-86.39132593957727
 20
31.99999999999995
 30
0.0
 10
-86.39186719646027
 20
32.81670828348108
 30
0.0
 10
-86.39294762711191
 20
34.44698161699935
 30
0.0
 10
-86.6628842613861
 20
36.92428218711386
 30
0.0
 10
-87.18051482860797
 20
39.30784871915037
 30
0.0
 10
-88.60860377952365
 20
42.81504297094912
 30
0.0
 10
-90.8211530800822
 20
45.63601090848837
 30
0.0
 10
-93.63310678111834
 20
47.80623669147016
 30
0.0
 10
-97.0768218775829
 20
49.21000217556775
 30
0.0
 10
-99.47556370135143
 20
49.72932726881638
 30
0.0
 10
-101.937800162821
 20
49.99780087622335
 30
0.0
 10
-103.5714486748689
 20
49.99926513444286
 30
0.0
 10
-104.3913259395772
 20
49.99999999999993
 30
0.0
  0
SPLINE
  5
10000181
102
{ACAD_XDICTIONARY
360
10000182
102
}
330
1F
100
AcDbEntity
  8
VISIBLE
100
AcDbSpline
210
0.0
220
0.0
230
1.0
 70
     8
 71
     3
 72
    15
 73
    11
 74
     0
 42
0.0000000001
 43
0.00000001
 40
0.0
 40
0.0
 40
0.0
 40
0.0
 40
0.2087563297928828
 40
0.334649709103517
 40
0.418240638987995
 40
0.4999999999999943
 40
0.5817593610120075
 40
0.6653502908964785
 40
0.7912436702071154
 40
1.0
 40
1.0
 40
1.0
 40
1.0
 10
-120.2795412292392
 20
48.49999999999996
 30
0.0
 10
-120.1643621445863
 20
48.73896834695855
 30
0.0
 10
-119.9797227268875
 20
49.12204984620692
 30
0.0
 10
-119.9895344236909
 20
49.40601300240855
 30
0.0
 10
-120.0150361615143
 20
49.52417696901124
 30
0.0
 10
-120.0592479874188
 20
49.62718636246559
 30
0.0
 10
-120.1263508260265
 20
49.7169796235739
 30
0.0
 10
-120.2159329540046
 20
49.79814675967087
 30
0.0
 10
-120.4569464126124
 20
49.9486255164576
 30
0.0
 10
-120.8810244315307
 20
49.98026383981467
 30
0.0
 10
-121.1455666330237
 20
49.99999999999995
 30
0.0
  0
SPLINE
  5
10000185
102
{ACAD_XDICTIONARY
360
10000186
102
}
330
1F
100
AcDbEntity
  8
VISIBLE
100
AcDbSpline
210
0.0
220
0.0
230
1.0
 70
     8
 71
     3
 72
    15
 73
    11
 74
     0
 42
0.0000000001
 43
0.00000001
 40
0.0
 40
0.0
 40
0.0
 40
0.0
 40
0.2087563297928829
 40
0.3346497091035107
 40
0.4182406389879946
 40
0.4999999999999908
 40
0.5817593610120031
 40
0.6653502908964809
 40
0.7912436702071189
 40
1.0
 40
1.0
 40
1.0
 40
1.0
 10
-348.1161293815006
 20
-0.000000000000059
 30
0.0
 10
-347.8515871800078
 20
0.0197361601852084
 30
0.0
 10
-347.4275091610895
 20
0.0513744835422672
 30
0.0
 10
-347.1864957024817
 20
0.2018532403290396
 30
0.0
 10
-347.0969135745036
 20
0.2830203764259636
 30
0.0
 10
-347.0298107358959
 20
0.3728136375342843
 30
0.0
 10
-346.9855989099913
 20
0.4758230309886529
 30
0.0
 10
-346.9600971721681
 20
0.5939869975913096
 30
0.0
 10
-346.9502854753645
 20
0.8779501537929265
 30
0.0
 10
-347.1349248930633
 20
1.26103165304128
 30
0.0
 10
-347.2501039777161
 20
1.499999999999869
 30
0.0
  0
SPLINE
  5
10000189
102
{ACAD_XDICTIONARY
360
1000018A
102
}
330
1F
100
AcDbEntity
  8
VISIBLE
100
AcDbSpline
210
0.0
220
0.0
230
1.0
 70
     8
 71
     3
 72
    13
 73
     9
 74
     0
 42
0.0000000001
 43
0.00000001
 40
0.0
 40
0.0
 40
0.0
 40
0.0
 40
0.2184820765875146
 40
0.3612831697868127
 40
0.499999999999993
 40
0.6387168302131828
 40
0.7815179234124893
 40
1.0
 40
1.0
 40
1.0
 40
1.0
 10
-344.8481801890696
 20
0.9999999999999419
 30
0.0
 10
-344.8322621851464
 20
0.8364798444311641
 30
0.0
 10
-344.8059400858517
 20
0.566082011113899
 30
0.0
 10
-344.7137081457815
 20
0.3926602923931648
 30
0.0
 10
-344.6048648639854
 20
0.243315325084086
 30
0.0
 10
-344.4555198966764
 20
0.1344720432880563
 30
0.0
 10
-344.2820981779557
 20
0.0422401032178708
 30
0.0
 10
-344.0117003446384
 20
0.0159180039231454
 30
0.0
 10
-343.8481801890696
 20
-0.000000000000059
 30
0.0
  0
SPLINE
  5
1000018D
102
{ACAD_XDICTIONARY
360
1000018E
102
}
330
1F
100
AcDbEntity
  8
VISIBLE
100
AcDbSpline
210
0.0
220
0.0
230
1.0
 70
     8
 71
     3
 72
    15
 73
    11
 74
     0
 42
0.0000000001
 43
0.00000001
 40
0.0
 40
0.0
 40
0.0
 40
0.0
 40
0.2087563297928796
 40
0.3346497091035153
 40
0.4182406389879963
 40
0.5000000000000018
 40
0.5817593610120093
 40
0.6653502908964841
 40
0.7912436702071193
 40
1.0
 40
1.0
 40
1.0
 40
1.0
 10
-196.8024208825159
 20
-0.0000000000000416
 30
0.0
 10
-196.537878681023
 20
0.0197361601852296
 30
0.0
 10
-196.1138006621047
 20
0.0513744835422955
 30
0.0
 10
-195.872787203497
 20
0.2018532403290561
 30
0.0
 10
-195.7832050755188
 20
0.2830203764259977
 30
0.0
 10
-195.7161022369112
 20
0.3728136375342948
 30
0.0
 10
-195.6718904110066
 20
0.4758230309886896
 30
0.0
 10
-195.6463886731832
 20
0.5939869975913394
 30
0.0
 10
-195.6365769763798
 20
0.8779501537929673
 30
0.0
 10
-195.8212163940786
 20
1.261031653041327
 30
0.0
 10
-195.9363954787315
 20
1.499999999999922
 30
0.0
  0
SPLINE
  5
10000191
102
{ACAD_XDICTIONARY
360
10000192
102
}
330
1F
100
AcDbEntity
  8
VISIBLE
100
AcDbSpline
210
0.0
220
0.0
230
1.0
 70
     8
 71
     3
 72
    13
 73
     9
 74
     0
 42
0.0000000001
 43
0.00000001
 40
0.0
 40
0.0
 40
0.0
 40
0.0
 40
0.2184820765875155
 40
0.361283169786808
 40
0.4999999999999959
 40
0.6387168302131858
 40
0.7815179234124826
 40
1.0
 40
1.0
 40
1.0
 40
1.0
 10
-193.5344716900849
 20
0.9999999999999595
 30
0.0
 10
-193.5185536861617
 20
0.8364798444311823
 30
0.0
 10
-193.4922315868671
 20
0.5660820111139232
 30
0.0
 10
-193.3999996467967
 20
0.3926602923931782
 30
0.0
 10
-193.2911563650007
 20
0.243315325084107
 30
0.0
 10
-193.1418113976916
 20
0.1344720432880771
 30
0.0
 10
-192.9683896789709
 20
0.0422401032178829
 30
0.0
 10
-192.6979918456537
 20
0.0159180039231611
 30
0.0
 10
-192.5344716900849
 20
-0.0000000000000416
 30
0.0
  0
SPLINE
  5
10000195
102
{ACAD_XDICTIONARY
360
10000196
102
}
330
1F
100
AcDbEntity
  8
VISIBLE
100
AcDbSpline
210
0.0
220
0.0
230
1.0
 70
     8
 71
     3
 72
    13
 73
     9
 74
     0
 42
0.0000000001
 43
0.00000001
 40
0.0
 40
0.0
 40
0.0
 40
0.0
 40
0.2184820765875177
 40
0.3612831697868104
 40
0.5000000000000007
 40
0.638716830213191
 40
0.7815179234124804
 40
1.0
 40
1.0
 40
1.0
 40
1.0
 10
-203.5344716900849
 20
48.99999999999994
 30
0.0
 10
-203.5503896940081
 20
49.16352015556873
 30
0.0
 10
-203.5767117933029
 20
49.43391798888599
 30
0.0
 10
-203.668943733373
 20
49.60733970760672
 30
0.0
 10
-203.7777870151691
 20
49.7566846749158
 30
0.0
 10
-203.9271319824781
 20
49.86552795671181
 30
0.0
 10
-204.100553701199
 20
49.95775989678205
 30
0.0
 10
-204.3709515345161
 20
49.98408199607675
 30
0.0
 10
-204.5344716900849
 20
49.99999999999995
 30
0.0
  0
SPLINE
  5
10000199
102
{ACAD_XDICTIONARY
360
1000019A
102
}
330
1F
100
AcDbEntity
  8
VISIBLE
100
AcDbSpline
210
0.0
220
0.0
230
1.0
 70
     8
 71
     3
 72
    13
 73
     9
 74
     0
 42
0.0000000001
 43
0.00000001
 40
0.0
 40
0.0
 40
0.0
 40
0.0
 40
0.2184820765875195
 40
0.3612831697868087
 40
0.4999999999999998
 40
0.638716830213188
 40
0.7815179234124832
 40
1.0
 40
1.0
 40
1.0
 40
1.0
 10
-128.8776174405926
 20
-0.0000000000000312
 30
0.0
 10
-128.7140972850238
 20
0.0159180039231682
 30
0.0
 10
-128.4436994517065
 20
0.0422401032178838
 30
0.0
 10
-128.2702777329858
 20
0.1344720432880922
 30
0.0
 10
-128.1209327656767
 20
0.2433153250841174
 30
0.0
 10
-128.0120894838807
 20
0.3926602923931847
 30
0.0
 10
-127.9198575438105
 20
0.5660820111139339
 30
0.0
 10
-127.8935354445158
 20
0.8364798444311912
 30
0.0
 10
-127.8776174405926
 20
0.9999999999999662
 30
0.0
  0
ARC
  5
1000019D
102
{ACAD_XDICTIONARY
360
1000019E
102
}
330
1F
100
AcDbEntity
  8
VISIBLE
100
AcDbCircle
 10
-122.8776174405926
 20
38.99999999999996
 30
0.0
 40
3.000000000000003
100
AcDbArc
 50
270.0
 51
90.0
  0
ARC
  5
100001A3
102
{ACAD_XDICTIONARY
360
100001A4
102
}
330
1F
100
AcDbEntity
  8
VISIBLE
100
AcDbCircle
 10
-124.8776174405926
 20
37.00000000000009
 30
0.0
 40
3.000000000000179
100
AcDbArc
 50
253.969896185166
 51
270.0
  0
ARC
  5
100001A9
102
{ACAD_XDICTIONARY
360
100001AA
102
}
330
1F
100
AcDbEntity
  8
VISIBLE
100
AcDbCircle
 10
-120.8776174405926
 20
37.00000000000023
 30
0.0
 40
3.000000000000318
100
AcDbArc
 50
270.0
 51
0.0
  0
ARC
  5
100001AF
102
{ACAD_XDICTIONARY
360
100001B0
102
}
330
1F
100
AcDbEntity
  8
VISIBLE
100
AcDbCircle
 10
-196.5344716900849
 20
13.00000000000002
 30
0.0
 40
3.000000000000002
100
AcDbArc
 50
0.0
 51
90.0
  0
ARC
  5
100001B5
102
{ACAD_XDICTIONARY
360
100001B6
102
}
330
1F
100
AcDbEntity
  8
VISIBLE
100
AcDbCircle
 10
-274.1913259395772
 20
0.0000000000000135
 30
0.0
 40
3.000000000000011
100
AcDbArc
 50
90.0
 51
150.0000000000027
  0
ARC
  5
100001BB
102
{ACAD_XDICTIONARY
360
100001BC
102
}
330
1F
100
AcDbEntity
  8
VISIBLE
100
AcDbCircle
 10
-200.5344716900849
 20
13.00000000000053
 30
0.0
 40
2.999999999999505
100
AcDbArc
 50
89.99999999999949
 51
106.0301038148371
  0
ARC
  5
100001C1
102
{ACAD_XDICTIONARY
360
100001C2
102
}
330
1F
100
AcDbEntity
  8
VISIBLE
100
AcDbCircle
 10
-198.5344716900849
 20
0.000000000000039
 30
0.0
 40
2.999999999999993
100
AcDbArc
 50
29.99999999999737
 51
90.0
  0
ARC
  5
100001C7
102
{ACAD_XDICTIONARY
360
100001C8
102
}
330
1F
100
AcDbEntity
  8
VISIBLE
100
AcDbCircle
 10
-274.1913259395772
 20
11.00000000000002
 30
0.0
 40
2.999999999999975
100
AcDbArc
 50
90.0
 51
270.0
  0
ARC
  5
100001CD
102
{ACAD_XDICTIONARY
360
100001CE
102
}
330
1F
100
AcDbEntity
  8
VISIBLE
100
AcDbCircle
 10
-272.1913259395772
 20
13.00000000000024
 30
0.0
 40
2.99999999999979
100
AcDbArc
 50
73.96989618516551
 51
90.00000000000112
  0
ARC
  5
100001D3
102
{ACAD_XDICTIONARY
360
100001D4
102
}
330
1F
100
AcDbEntity
  8
VISIBLE
100
AcDbCircle
 10
-276.1913259395773
 20
13.00000000000024
 30
0.0
 40
2.99999999999979
100
AcDbArc
 50
89.99999999999893
 51
180.000000000004
  0
ARC
  5
100001D9
102
{ACAD_XDICTIONARY
360
100001DA
102
}
330
1F
100
AcDbEntity
  8
VISIBLE
100
AcDbCircle
 10
-347.8481801890695
 20
13.00000000000005
 30
0.0
 40
3.000000000000004
100
AcDbArc
 50
0.0
 51
90.0
  0
ARC
  5
100001DF
102
{ACAD_XDICTIONARY
360
100001E0
102
}
330
1F
100
AcDbEntity
  8
VISIBLE
100
AcDbCircle
 10
-124.8776174405926
 20
13.00000000000002
 30
0.0
 40
3.000000000000002
100
AcDbArc
 50
90.0
 51
180.0
  0
ARC
  5
100001E5
102
{ACAD_XDICTIONARY
360
100001E6
102
}
330
1F
100
AcDbEntity
  8
VISIBLE
100
AcDbCircle
 10
-198.5344716900849
 20
10.99999999999999
 30
0.0
 40
3.00000000000001
100
AcDbArc
 50
270.0
 51
90.0
  0
ARC
  5
100001EB
102
{ACAD_XDICTIONARY
360
100001EC
102
}
330
1F
100
AcDbEntity
  8
VISIBLE
100
AcDbCircle
 10
-196.5344716900849
 20
37.00000000000038
 30
0.0
 40
3.000000000000468
100
AcDbArc
 50
270.0
 51
286.0301038148324
  0
ARC
  5
100001F1
102
{ACAD_XDICTIONARY
360
100001F2
102
}
330
1F
100
AcDbEntity
  8
VISIBLE
100
AcDbCircle
 10
-198.5344716900849
 20
38.99999999999998
 30
0.0
 40
3.000000000000001
100
AcDbArc
 50
89.99999999999949
 51
270.0000000000005
  0
ARC
  5
100001F7
102
{ACAD_XDICTIONARY
360
100001F8
102
}
330
1F
100
AcDbEntity
  8
VISIBLE
100
AcDbCircle
 10
-122.8776174405926
 20
11.00000000000001
 30
0.0
 40
3.000000000000015
100
AcDbArc
 50
90.0
 51
270.0
  0
ARC
  5
100001FD
102
{ACAD_XDICTIONARY
360
100001FE
102
}
330
1F
100
AcDbEntity
  8
VISIBLE
100
AcDbCircle
 10
-122.8776174405926
 20
49.99999999999991
 30
0.0
 40
3.00000000000002
100
AcDbArc
 50
270.0000000000002
 51
330.0000000000014
  0
ARC
  5
10000203
102
{ACAD_XDICTIONARY
360
10000204
102
}
330
1F
100
AcDbEntity
  8
VISIBLE
100
AcDbCircle
 10
-349.8481801890695
 20
10.99999999999997
 30
0.0
 40
2.999999999999992
100
AcDbArc
 50
270.0
 51
90.0
  0
ARC
  5
10000209
102
{ACAD_XDICTIONARY
360
1000020A
102
}
330
1F
100
AcDbEntity
  8
VISIBLE
100
AcDbCircle
 10
-198.5344716900849
 20
49.99999999999984
 30
0.0
 40
2.999999999999975
100
AcDbArc
 50
209.9999999999968
 51
270.0
  0
ARC
  5
1000020F
102
{ACAD_XDICTIONARY
360
10000210
102
}
330
1F
100
AcDbEntity
  8
VISIBLE
100
AcDbCircle
 10
-274.1913259395772
 20
38.99999999999996
 30
0.0
 40
2.999999999999989
100
AcDbArc
 50
270.0
 51
89.99999999999893
  0
ARC
  5
10000215
102
{ACAD_XDICTIONARY
360
10000216
102
}
330
1F
100
AcDbEntity
  8
VISIBLE
100
AcDbCircle
 10
-276.1913259395772
 20
37.00000000000006
 30
0.0
 40
3.000000000000179
100
AcDbArc
 50
253.9698961851655
 51
270.0
  0
ARC
  5
1000021B
102
{ACAD_XDICTIONARY
360
1000021C
102
}
330
1F
100
AcDbEntity
  8
VISIBLE
100
AcDbCircle
 10
-351.8481801890695
 20
36.99999999999947
 30
0.0
 40
2.999999999999594
100
AcDbArc
 50
179.9999999999922
 51
270.0
  0
ARC
  5
10000221
102
{ACAD_XDICTIONARY
360
10000222
102
}
330
1F
100
AcDbEntity
  8
VISIBLE
100
AcDbCircle
 10
-120.8776174405925
 20
13.00000000000008
 30
0.0
 40
2.999999999999937
100
AcDbArc
 50
73.96989618516551
 51
90.00000000000082
  0
ARC
  5
10000227
102
{ACAD_XDICTIONARY
360
10000228
102
}
330
1F
100
AcDbEntity
  8
VISIBLE
100
AcDbCircle
 10
-200.5344716900849
 20
36.99999999999979
 30
0.0
 40
2.999999999999886
100
AcDbArc
 50
179.9999999999977
 51
270.0
  0
ARC
  5
1000022D
102
{ACAD_XDICTIONARY
360
1000022E
102
}
330
1F
100
AcDbEntity
  8
VISIBLE
100
AcDbCircle
 10
-274.1913259395772
 20
50.00000000000004
 30
0.0
 40
3.000000000000072
100
AcDbArc
 50
270.0
 51
329.9999999999962
  0
ARC
  5
10000233
102
{ACAD_XDICTIONARY
360
10000234
102
}
330
1F
100
AcDbEntity
  8
VISIBLE
100
AcDbCircle
 10
-349.8481801890695
 20
49.99999999999996
 30
0.0
 40
3.000000000000024
100
AcDbArc
 50
210.0000000000001
 51
270.0
  0
ARC
  5
10000239
102
{ACAD_XDICTIONARY
360
1000023A
102
}
330
1F
100
AcDbEntity
  8
VISIBLE
100
AcDbCircle
 10
-272.1913259395772
 20
37.00000000000005
 30
0.0
 40
3.000000000000175
100
AcDbArc
 50
270.0
 51
0.0
  0
ARC
  5
1000023F
102
{ACAD_XDICTIONARY
360
10000240
102
}
330
1F
100
AcDbEntity
  8
VISIBLE
100
AcDbCircle
 10
-349.8481801890695
 20
0.0000000000000951
 30
0.0
 40
2.999999999999963
100
AcDbArc
 50
29.99999999999447
 51
90.0
  0
ARC
  5
10000245
102
{ACAD_XDICTIONARY
360
10000246
102
}
330
1F
100
AcDbEntity
  8
VISIBLE
100
AcDbCircle
 10
-122.8776174405926
 20
-0.0000000000000295
 30
0.0
 40
3.000000000000012
100
AcDbArc
 50
90.0
 51
150.0000000000002
  0
ARC
  5
1000024B
102
{ACAD_XDICTIONARY
360
1000024C
102
}
330
1F
100
AcDbEntity
  8
VISIBLE
100
AcDbCircle
 10
-349.8481801890695
 20
38.9999999999999
 30
0.0
 40
2.999999999999977
100
AcDbArc
 50
90.00000000000112
 51
270.0
  0
ARC
  5
10000251
102
{ACAD_XDICTIONARY
360
10000252
102
}
330
1F
100
AcDbEntity
  8
VISIBLE
100
AcDbCircle
 10
-347.8481801890695
 20
37.00000000000066
 30
0.0
 40
3.000000000000761
100
AcDbArc
 50
270.0
 51
286.0301038148303
  0
ARC
  5
10000257
102
{ACAD_XDICTIONARY
360
10000258
102
}
330
1F
100
AcDbEntity
  8
VISIBLE
100
AcDbCircle
 10
-351.8481801890696
 20
13.00000000000085
 30
0.0
 40
2.999999999999206
100
AcDbArc
 50
89.99999999999893
 51
106.0301038148387
  0
ENDSEC
  0
SECTION
  2
OBJECTS
  0
DICTIONARY
  5
C
330
0
100
AcDbDictionary
  3
ACAD_GROUP
350
D
  3
ACAD_LAYOUT
350
1A
  3
ACAD_MATERIAL
350
43
  3
ACAD_MLEADERSTYLE
350
5B
  3
ACAD_MLINESTYLE
350
17
  3
ACAD_PLOTSETTINGS
350
19
  3
ACAD_SCALELIST
350
47
  3
ACAD_VISUALSTYLE
350
2A
  3
ACDBHEADERROUNDTRIPXREC
350
1000025F
  3
ACDBVARIABLEDICTIONARY
350
10000280
  3
DWGPROPS
350
1000028B
  3
ONSHAPE_DATA
350
10000001
  0
DICTIONARY
  5
1000028C
330
8
100
AcDbDictionary
280
     1
  3
ACAD_XREC_ROUNDTRIP
360
1000028D
  0
DICTIONARY
  5
1000025D
330
1F
100
AcDbDictionary
280
     1
  3
ACAD_SORTENTS
360
1000025E
  0
DICTIONARY
  5
1000005A
330
10000059
100
AcDbDictionary
280
     1
  3
BTARCONSURFACERADIUS
360
1000005D
  3
BTDETID
360
1000005B
  3
BTOWNERFACEID_
360
1000005C
  3
BTPARTID
360
1000005E
  0
DICTIONARY
  5
10000060
330
1000005F
100
AcDbDictionary
280
     1
  3
BTARCONSURFACERADIUS
360
10000063
  3
BTDETID
360
10000061
  3
BTOWNERFACEID_
360
10000062
  3
BTPARTID
360
10000064
  0
DICTIONARY
  5
10000066
330
10000065
100
AcDbDictionary
280
     1
  3
BTARCONSURFACERADIUS
360
10000069
  3
BTDETID
360
10000067
  3
BTOWNERFACEID_
360
10000068
  3
BTPARTID
360
1000006A
  0
DICTIONARY
  5
1000006C
330
1000006B
100
AcDbDictionary
280
     1
  3
BTARCONSURFACERADIUS
360
1000006F
  3
BTDETID
360
1000006D
  3
BTOWNERFACEID_
360
1000006E
  3
BTPARTID
360
10000070
  0
DICTIONARY
  5
10000072
330
10000071
100
AcDbDictionary
280
     1
  3
BTARCONSURFACERADIUS
360
10000075
  3
BTDETID
360
10000073
  3
BTOWNERFACEID_
360
10000074
  3
BTPARTID
360
10000076
  0
DICTIONARY
  5
10000078
330
10000077
100
AcDbDictionary
280
     1
  3
BTARCONSURFACERADIUS
360
1000007B
  3
BTDETID
360
10000079
  3
BTOWNERFACEID_
360
1000007A
  3
BTPARTID
360
1000007C
  0
DICTIONARY
  5
1000007E
330
1000007D
100
AcDbDictionary
280
     1
  3
BTDETID
360
1000007F
  3
BTPARTID
360
10000080
  0
DICTIONARY
  5
10000082
330
10000081
100
AcDbDictionary
280
     1
  3
BTDETID
360
10000083
  3
BTPARTID
360
10000084
  0
DICTIONARY
  5
10000086
330
10000085
100
AcDbDictionary
280
     1
  3
BTDETID
360
10000087
  3
BTPARTID
360
10000088
  0
DICTIONARY
  5
1000008A
330
10000089
100
AcDbDictionary
280
     1
  3
BTDETID
360
1000008B
  3
BTPARTID
360
1000008C
  0
DICTIONARY
  5
1000008E
330
1000008D
100
AcDbDictionary
280
     1
  3
BTDETID
360
1000008F
  3
BTPARTID
360
10000090
  0
DICTIONARY
  5
10000092
330
10000091
100
AcDbDictionary
280
     1
  3
BTDETID
360
10000093
  3
BTPARTID
360
10000094
  0
DICTIONARY
  5
10000096
330
10000095
100
AcDbDictionary
280
     1
  3
BTDETID
360
10000097
  3
BTPARTID
360
10000098
  0
DICTIONARY
  5
1000009A
330
10000099
100
AcDbDictionary
280
     1
  3
BTDETID
360
1000009B
  3
BTPARTID
360
1000009C
  0
DICTIONARY
  5
1000009E
330
1000009D
100
AcDbDictionary
280
     1
  3
BTDETID
360
1000009F
  3
BTPARTID
360
100000A0
  0
DICTIONARY
  5
100000A2
330
100000A1
100
AcDbDictionary
280
     1
  3
BTDETID
360
100000A3
  3
BTPARTID
360
100000A4
  0
DICTIONARY
  5
100000A6
330
100000A5
100
AcDbDictionary
280
     1
  3
BTDETID
360
100000A7
  3
BTPARTID
360
100000A8
  0
DICTIONARY
  5
100000AA
330
100000A9
100
AcDbDictionary
280
     1
  3
BTDETID
360
100000AB
  3
BTPARTID
360
100000AC
  0
DICTIONARY
  5
100000AE
330
100000AD
100
AcDbDictionary
280
     1
  3
BTDETID
360
100000AF
  3
BTPARTID
360
100000B0
  0
DICTIONARY
  5
100000B2
330
100000B1
100
AcDbDictionary
280
     1
  3
BTDETID
360
100000B3
  3
BTPARTID
360
100000B4
  0
DICTIONARY
  5
100000B6
330
100000B5
100
AcDbDictionary
280
     1
  3
BTDETID
360
100000B7
  3
BTPARTID
360
100000B8
  0
DICTIONARY
  5
100000BA
330
100000B9
100
AcDbDictionary
280
     1
  3
BTDETID
360
100000BB
  3
BTPARTID
360
100000BC
  0
DICTIONARY
  5
100000BE
330
100000BD
100
AcDbDictionary
280
     1
  3
BTDETID
360
100000BF
  3
BTPARTID
360
100000C0
  0
DICTIONARY
  5
100000C2
330
100000C1
100
AcDbDictionary
280
     1
  3
BTDETID
360
100000C3
  3
BTPARTID
360
100000C4
  0
DICTIONARY
  5
100000C6
330
100000C5
100
AcDbDictionary
280
     1
  3
BTDETID
360
100000C7
  3
BTPARTID
360
100000C8
  0
DICTIONARY
  5
100000CA
330
100000C9
100
AcDbDictionary
280
     1
  3
BTDETID
360
100000CB
  3
BTPARTID
360
100000CC
  0
DICTIONARY
  5
100000CE
330
100000CD
100
AcDbDictionary
280
     1
  3
BTDETID
360
100000CF
  3
BTPARTID
360
100000D0
  0
DICTIONARY
  5
100000D2
330
100000D1
100
AcDbDictionary
280
     1
  3
BTDETID
360
100000D3
  3
BTPARTID
360
100000D4
  0
DICTIONARY
  5
100000D6
330
100000D5
100
AcDbDictionary
280
     1
  3
BTDETID
360
100000D7
  3
BTPARTID
360
100000D8
  0
DICTIONARY
  5
100000DA
330
100000D9
100
AcDbDictionary
280
     1
  3
BTDETID
360
100000DB
  3
BTPARTID
360
100000DC
  0
DICTIONARY
  5
100000DE
330
100000DD
100
AcDbDictionary
280
     1
  3
BTDETID
360
100000DF
  3
BTPARTID
360
100000E0
  0
DICTIONARY
  5
100000E2
330
100000E1
100
AcDbDictionary
280
     1
  3
BTDETID
360
100000E3
  3
BTPARTID
360
100000E4
  0
DICTIONARY
  5
100000E6
330
100000E5
100
AcDbDictionary
280
     1
  3
BTDETID
360
100000E7
  3
BTPARTID
360
100000E8
  0
DICTIONARY
  5
100000EA
330
100000E9
100
AcDbDictionary
280
     1
  3
BTDETID
360
100000EB
  3
BTPARTID
360
100000EC
  0
DICTIONARY
  5
100000EE
330
100000ED
100
AcDbDictionary
280
     1
  3
BTDETID
360
100000EF
  3
BTPARTID
360
100000F0
  0
DICTIONARY
  5
100000F2
330
100000F1
100
AcDbDictionary
280
     1
  3
BTDETID
360
100000F3
  3
BTPARTID
360
100000F4
  0
DICTIONARY
  5
100000F6
330
100000F5
100
AcDbDictionary
280
     1
  3
BTDETID
360
100000F7
  3
BTPARTID
360
100000F8
  0
DICTIONARY
  5
100000FA
330
100000F9
100
AcDbDictionary
280
     1
  3
BTDETID
360
100000FB
  3
BTPARTID
360
100000FC
  0
DICTIONARY
  5
100000FE
330
100000FD
100
AcDbDictionary
280
     1
  3
BTDETID
360
100000FF
  3
BTPARTID
360
10000100
  0
DICTIONARY
  5
10000102
330
10000101
100
AcDbDictionary
280
     1
  3
BTDETID
360
10000103
  3
BTPARTID
360
10000104
  0
DICTIONARY
  5
10000106
330
10000105
100
AcDbDictionary
280
     1
  3
BTDETID
360
10000107
  3
BTPARTID
360
10000108
  0
DICTIONARY
  5
1000010A
330
10000109
100
AcDbDictionary
280
     1
  3
BTDETID
360
1000010B
  3
BTPARTID
360
1000010C
  0
DICTIONARY
  5
1000010E
330
1000010D
100
AcDbDictionary
280
     1
  3
BTDETID
360
1000010F
  3
BTPARTID
360
10000110
  0
DICTIONARY
  5
10000112
330
10000111
100
AcDbDictionary
280
     1
  3
BTDETID
360
10000113
  3
BTPARTID
360
10000114
  0
DICTIONARY
  5
10000116
330
10000115
100
AcDbDictionary
280
     1
  3
BTDETID
360
10000117
  3
BTPARTID
360
10000118
  0
DICTIONARY
  5
1000011A
330
10000119
100
AcDbDictionary
280
     1
  3
BTDETID
360
1000011B
  3
BTPARTID
360
1000011C
  0
DICTIONARY
  5
1000011E
330
1000011D
100
AcDbDictionary
280
     1
  3
BTDETID
360
1000011F
  3
BTPARTID
360
10000120
  0
DICTIONARY
  5
10000122
330
10000121
100
AcDbDictionary
280
     1
  3
BTDETID
360
10000123
  3
BTPARTID
360
10000124
  0
DICTIONARY
  5
10000126
330
10000125
100
AcDbDictionary
280
     1
  3
BTDETID
360
10000127
  3
BTPARTID
360
10000128
  0
DICTIONARY
  5
1000012A
330
10000129
100
AcDbDictionary
280
     1
  3
BTDETID
360
1000012B
  3
BTPARTID
360
1000012C
  0
DICTIONARY
  5
1000012E
330
1000012D
100
AcDbDictionary
280
     1
  3
BTDETID
360
1000012F
  3
BTPARTID
360
10000130
  0
DICTIONARY
  5
10000132
330
10000131
100
AcDbDictionary
280
     1
  3
BTDETID
360
10000133
  3
BTPARTID
360
10000134
  0
DICTIONARY
  5
10000136
330
10000135
100
AcDbDictionary
280
     1
  3
BTDETID
360
10000137
  3
BTPARTID
360
10000138
  0
DICTIONARY
  5
1000013A
330
10000139
100
AcDbDictionary
280
     1
  3
BTDETID
360
1000013B
  3
BTPARTID
360
1000013C
  0
DICTIONARY
  5
1000013E
330
1000013D
100
AcDbDictionary
280
     1
  3
BTDETID
360
1000013F
  3
BTPARTID
360
10000140
  0
DICTIONARY
  5
10000142
330
10000141
100
AcDbDictionary
280
     1
  3
BTDETID
360
10000143
  3
BTPARTID
360
10000144
  0
DICTIONARY
  5
10000146
330
10000145
100
AcDbDictionary
280
     1
  3
BTDETID
360
10000147
  3
BTPARTID
360
10000148
  0
DICTIONARY
  5
1000014A
330
10000149
100
AcDbDictionary
280
     1
  3
BTDETID
360
1000014B
  3
BTPARTID
360
1000014C
  0
DICTIONARY
  5
1000014E
330
1000014D
100
AcDbDictionary
280
     1
  3
BTDETID
360
1000014F
  3
BTPARTID
360
10000150
  0
DICTIONARY
  5
10000152
330
10000151
100
AcDbDictionary
280
     1
  3
BTDETID
360
10000153
  3
BTPARTID
360
10000154
  0
DICTIONARY
  5
10000156
330
10000155
100
AcDbDictionary
280
     1
  3
BTDETID
360
10000157
  3
BTPARTID
360
10000158
  0
DICTIONARY
  5
1000015A
330
10000159
100
AcDbDictionary
280
     1
  3
BTDETID
360
1000015B
  3
BTPARTID
360
1000015C
  0
DICTIONARY
  5
1000015E
330
1000015D
100
AcDbDictionary
280
     1
  3
BTDETID
360
1000015F
  3
BTPARTID
360
10000160
  0
DICTIONARY
  5
10000162
330
10000161
100
AcDbDictionary
280
     1
  3
BTDETID
360
10000163
  3
BTPARTID
360
10000164
  0
DICTIONARY
  5
10000166
330
10000165
100
AcDbDictionary
280
     1
  3
BTDETID
360
10000167
  3
BTPARTID
360
10000168
  0
DICTIONARY
  5
1000016A
330
10000169
100
AcDbDictionary
280
     1
  3
BTDETID
360
1000016B
  3
BTPARTID
360
1000016C
  0
DICTIONARY
  5
1000016E
330
1000016D
100
AcDbDictionary
280
     1
  3
BTDETID
360
1000016F
  3
BTPARTID
360
10000170
  0
DICTIONARY
  5
10000172
330
10000171
100
AcDbDictionary
280
     1
  3
BTDETID
360
10000173
  3
BTPARTID
360
10000174
  0
DICTIONARY
  5
10000176
330
10000175
100
AcDbDictionary
280
     1
  3
BTDETID
360
10000177
  3
BTPARTID
360
10000178
  0
DICTIONARY
  5
1000017A
330
10000179
100
AcDbDictionary
280
     1
  3
BTDETID
360
1000017B
  3
BTPARTID
360
1000017C
  0
DICTIONARY
  5
1000017E
330
1000017D
100
AcDbDictionary
280
     1
  3
BTDETID
360
1000017F
  3
BTPARTID
360
10000180
  0
DICTIONARY
  5
10000182
330
10000181
100
AcDbDictionary
280
     1
  3
BTDETID
360
10000183
  3
BTPARTID
360
10000184
  0
DICTIONARY
  5
10000186
330
10000185
100
AcDbDictionary
280
     1
  3
BTDETID
360
10000187
  3
BTPARTID
360
10000188
  0
DICTIONARY
  5
1000018A
330
10000189
100
AcDbDictionary
280
     1
  3
BTDETID
360
1000018B
  3
BTPARTID
360
1000018C
  0
DICTIONARY
  5
1000018E
330
1000018D
100
AcDbDictionary
280
     1
  3
BTDETID
360
1000018F
  3
BTPARTID
360
10000190
  0
DICTIONARY
  5
10000192
330
10000191
100
AcDbDictionary
280
     1
  3
BTDETID
360
10000193
  3
BTPARTID
360
10000194
  0
DICTIONARY
  5
10000196
330
10000195
100
AcDbDictionary
280
     1
  3
BTDETID
360
10000197
  3
BTPARTID
360
10000198
  0
DICTIONARY
  5
1000019A
330
10000199
100
AcDbDictionary
280
     1
  3
BTDETID
360
1000019B
  3
BTPARTID
360
1000019C
  0
DICTIONARY
  5
1000019E
330
1000019D
100
AcDbDictionary
280
     1
  3
BTARCONSURFACERADIUS
360
100001A1
  3
BTDETID
360
1000019F
  3
BTOWNERFACEID_
360
100001A0
  3
BTPARTID
360
100001A2
  0
DICTIONARY
  5
100001A4
330
100001A3
100
AcDbDictionary
280
     1
  3
BTARCONSURFACERADIUS
360
100001A7
  3
BTDETID
360
100001A5
  3
BTOWNERFACEID_
360
100001A6
  3
BTPARTID
360
100001A8
  0
DICTIONARY
  5
100001AA
330
100001A9
100
AcDbDictionary
280
     1
  3
BTARCONSURFACERADIUS
360
100001AD
  3
BTDETID
360
100001AB
  3
BTOWNERFACEID_
360
100001AC
  3
BTPARTID
360
100001AE
  0
DICTIONARY
  5
100001B0
330
100001AF
100
AcDbDictionary
280
     1
  3
BTARCONSURFACERADIUS
360
100001B3
  3
BTDETID
360
100001B1
  3
BTOWNERFACEID_
360
100001B2
  3
BTPARTID
360
100001B4
  0
DICTIONARY
  5
100001B6
330
100001B5
100
AcDbDictionary
280
     1
  3
BTARCONSURFACERADIUS
360
100001B9
  3
BTDETID
360
100001B7
  3
BTOWNERFACEID_
360
100001B8
  3
BTPARTID
360
100001BA
  0
DICTIONARY
  5
100001BC
330
100001BB
100
AcDbDictionary
280
     1
  3
BTARCONSURFACERADIUS
360
100001BF
  3
BTDETID
360
100001BD
  3
BTOWNERFACEID_
360
100001BE
  3
BTPARTID
360
100001C0
  0
DICTIONARY
  5
100001C2
330
100001C1
100
AcDbDictionary
280
     1
  3
BTARCONSURFACERADIUS
360
100001C5
  3
BTDETID
360
100001C3
  3
BTOWNERFACEID_
360
100001C4
  3
BTPARTID
360
100001C6
  0
DICTIONARY
  5
100001C8
330
100001C7
100
AcDbDictionary
280
     1
  3
BTARCONSURFACERADIUS
360
100001CB
  3
BTDETID
360
100001C9
  3
BTOWNERFACEID_
360
100001CA
  3
BTPARTID
360
100001CC
  0
DICTIONARY
  5
100001CE
330
100001CD
100
AcDbDictionary
280
     1
  3
BTARCONSURFACERADIUS
360
100001D1
  3
BTDETID
360
100001CF
  3
BTOWNERFACEID_
360
100001D0
  3
BTPARTID
360
100001D2
  0
DICTIONARY
  5
100001D4
330
100001D3
100
AcDbDictionary
280
     1
  3
BTARCONSURFACERADIUS
360
100001D7
  3
BTDETID
360
100001D5
  3
BTOWNERFACEID_
360
100001D6
  3
BTPARTID
360
100001D8
  0
DICTIONARY
  5
100001DA
330
100001D9
100
AcDbDictionary
280
     1
  3
BTARCONSURFACERADIUS
360
100001DD
  3
BTDETID
360
100001DB
  3
BTOWNERFACEID_
360
100001DC
  3
BTPARTID
360
100001DE
  0
DICTIONARY
  5
100001E0
330
100001DF
100
AcDbDictionary
280
     1
  3
BTARCONSURFACERADIUS
360
100001E3
  3
BTDETID
360
100001E1
  3
BTOWNERFACEID_
360
100001E2
  3
BTPARTID
360
100001E4
  0
DICTIONARY
  5
100001E6
330
100001E5
100
AcDbDictionary
280
     1
  3
BTARCONSURFACERADIUS
360
100001E9
  3
BTDETID
360
100001E7
  3
BTOWNERFACEID_
360
100001E8
  3
BTPARTID
360
100001EA
  0
DICTIONARY
  5
100001EC
330
100001EB
100
AcDbDictionary
280
     1
  3
BTARCONSURFACERADIUS
360
100001EF
  3
BTDETID
360
100001ED
  3
BTOWNERFACEID_
360
100001EE
  3
BTPARTID
360
100001F0
  0
DICTIONARY
  5
100001F2
330
100001F1
100
AcDbDictionary
280
     1
  3
BTARCONSURFACERADIUS
360
100001F5
  3
BTDETID
360
100001F3
  3
BTOWNERFACEID_
360
100001F4
  3
BTPARTID
360
100001F6
  0
DICTIONARY
  5
100001F8
330
100001F7
100
AcDbDictionary
280
     1
  3
BTARCONSURFACERADIUS
360
100001FB
  3
BTDETID
360
100001F9
  3
BTOWNERFACEID_
360
100001FA
  3
BTPARTID
360
100001FC
  0
DICTIONARY
  5
100001FE
330
100001FD
100
AcDbDictionary
280
     1
  3
BTARCONSURFACERADIUS
360
10000201
  3
BTDETID
360
100001FF
  3
BTOWNERFACEID_
360
10000200
  3
BTPARTID
360
10000202
  0
DICTIONARY
  5
10000204
330
10000203
100
AcDbDictionary
280
     1
  3
BTARCONSURFACERADIUS
360
10000207
  3
BTDETID
360
10000205
  3
BTOWNERFACEID_
360
10000206
  3
BTPARTID
360
10000208
  0
DICTIONARY
  5
1000020A
330
10000209
100
AcDbDictionary
280
     1
  3
BTARCONSURFACERADIUS
360
1000020D
  3
BTDETID
360
1000020B
  3
BTOWNERFACEID_
360
1000020C
  3
BTPARTID
360
1000020E
  0
DICTIONARY
  5
10000210
330
1000020F
100
AcDbDictionary
280
     1
  3
BTARCONSURFACERADIUS
360
10000213
  3
BTDETID
360
10000211
  3
BTOWNERFACEID_
360
10000212
  3
BTPARTID
360
10000214
  0
DICTIONARY
  5
10000216
330
10000215
100
AcDbDictionary
280
     1
  3
BTARCONSURFACERADIUS
360
10000219
  3
BTDETID
360
10000217
  3
BTOWNERFACEID_
360
10000218
  3
BTPARTID
360
1000021A
  0
DICTIONARY
  5
1000021C
330
1000021B
100
AcDbDictionary
280
     1
  3
BTARCONSURFACERADIUS
360
1000021F
  3
BTDETID
360
1000021D
  3
BTOWNERFACEID_
360
1000021E
  3
BTPARTID
360
10000220
  0
DICTIONARY
  5
10000222
330
10000221
100
AcDbDictionary
280
     1
  3
BTARCONSURFACERADIUS
360
10000225
  3
BTDETID
360
10000223
  3
BTOWNERFACEID_
360
10000224
  3
BTPARTID
360
10000226
  0
DICTIONARY
  5
10000228
330
10000227
100
AcDbDictionary
280
     1
  3
BTARCONSURFACERADIUS
360
1000022B
  3
BTDETID
360
10000229
  3
BTOWNERFACEID_
360
1000022A
  3
BTPARTID
360
1000022C
  0
DICTIONARY
  5
1000022E
330
1000022D
100
AcDbDictionary
280
     1
  3
BTARCONSURFACERADIUS
360
10000231
  3
BTDETID
360
1000022F
  3
BTOWNERFACEID_
360
10000230
  3
BTPARTID
360
10000232
  0
DICTIONARY
  5
10000234
330
10000233
100
AcDbDictionary
280
     1
  3
BTARCONSURFACERADIUS
360
10000237
  3
BTDETID
360
10000235
  3
BTOWNERFACEID_
360
10000236
  3
BTPARTID
360
10000238
  0
DICTIONARY
  5
1000023A
330
10000239
100
AcDbDictionary
280
     1
  3
BTARCONSURFACERADIUS
360
1000023D
  3
BTDETID
360
1000023B
  3
BTOWNERFACEID_
360
1000023C
  3
BTPARTID
360
1000023E
  0
DICTIONARY
  5
10000240
330
1000023F
100
AcDbDictionary
280
     1
  3
BTARCONSURFACERADIUS
360
10000243
  3
BTDETID
360
10000241
  3
BTOWNERFACEID_
360
10000242
  3
BTPARTID
360
10000244
  0
DICTIONARY
  5
10000246
330
10000245
100
AcDbDictionary
280
     1
  3
BTARCONSURFACERADIUS
360
10000249
  3
BTDETID
360
10000247
  3
BTOWNERFACEID_
360
10000248
  3
BTPARTID
360
1000024A
  0
DICTIONARY
  5
1000024C
330
1000024B
100
AcDbDictionary
280
     1
  3
BTARCONSURFACERADIUS
360
1000024F
  3
BTDETID
360
1000024D
  3
BTOWNERFACEID_
360
1000024E
  3
BTPARTID
360
10000250
  0
DICTIONARY
  5
10000252
330
10000251
100
AcDbDictionary
280
     1
  3
BTARCONSURFACERADIUS
360
10000255
  3
BTDETID
360
10000253
  3
BTOWNERFACEID_
360
10000254
  3
BTPARTID
360
10000256
  0
DICTIONARY
  5
10000258
330
10000257
100
AcDbDictionary
280
     1
  3
BTARCONSURFACERADIUS
360
1000025B
  3
BTDETID
360
10000259
  3
BTOWNERFACEID_
360
1000025A
  3
BTPARTID
360
1000025C
  0
DICTIONARY
  5
D
102
{ACAD_REACTORS
330
C
102
}
330
C
100
AcDbDictionary
  0
DICTIONARY
  5
1A
102
{ACAD_REACTORS
330
C
102
}
330
C
100
AcDbDictionary
  0
DICTIONARY
  5
43
102
{ACAD_REACTORS
330
C
102
}
330
C
100
AcDbDictionary
  3
BYBLOCK
350
45
  3
BYLAYER
350
44
  3
GLOBAL
350
46
  0
DICTIONARY
  5
5B
102
{ACAD_REACTORS
330
C
102
}
330
C
100
AcDbDictionary
  3
STANDARD
350
5C
  0
DICTIONARY
  5
17
102
{ACAD_REACTORS
330
C
102
}
330
C
100
AcDbDictionary
  3
STANDARD
350
18
  0
DICTIONARY
  5
19
102
{ACAD_REACTORS
330
C
102
}
330
C
100
AcDbDictionary
  0
DICTIONARY
  5
47
102
{ACAD_REACTORS
330
C
102
}
330
C
100
AcDbDictionary
  3
SCALE100_1
350
10000023
  3
SCALE10_1
350
1000001D
  3
SCALE12_1
350
1000001E
  3
SCALE16_1
350
1000001F
  3
SCALE1_1
350
10000006
  3
SCALE1_10
350
1000000D
  3
SCALE1_100
350
10000016
  3
SCALE1_12
350
1000000E
  3
SCALE1_16
350
1000000F
  3
SCALE1_2
350
10000007
  3
SCALE1_20
350
10000010
  3
SCALE1_25
350
10000011
  3
SCALE1_3
350
10000008
  3
SCALE1_32
350
10000012
  3
SCALE1_4
350
10000009
  3
SCALE1_40
350
10000013
  3
SCALE1_5
350
1000000A
  3
SCALE1_50
350
10000014
  3
SCALE1_6
350
1000000B
  3
SCALE1_8
350
1000000C
  3
SCALE1_80
350
10000015
  3
SCALE20_1
350
10000020
  3
SCALE2_1
350
10000017
  3
SCALE32_1
350
10000021
  3
SCALE3_1
350
10000018
  3
SCALE4_1
350
10000019
  3
SCALE50_1
350
10000022
  3
SCALE5_1
350
1000001A
  3
SCALE6_1
350
1000001B
  3
SCALE8_1
350
1000001C
  0
DICTIONARY
  5
2A
102
{ACAD_REACTORS
330
C
102
}
330
C
100
AcDbDictionary
  3
2DWIREFRAME
350
2F
  3
BASIC
350
32
  3
BRIGHTEN
350
36
  3
COLORCHANGE
350
3A
  3
CONCEPTUAL
350
34
  3
DIM
350
35
  3
EDGECOLOROFF
350
3D
  3
FACEPATTERN
350
39
  3
FLAT
350
2B
  3
FLATWITHEDGES
350
2C
  3
GOURAUD
350
2D
  3
GOURAUDWITHEDGES
350
2E
  3
HIDDEN
350
31
  3
JITTEROFF
350
3B
  3
LINEPATTERN
350
38
  3
OVERHANGOFF
350
3C
  3
REALISTIC
350
33
  3
SHADED
350
42
  3
SHADED_WITH_EDGES
350
41
  3
SHADES_OF_GRAY
350
3E
  3
SKETCHY
350
3F
  3
THICKEN
350
37
  3
WIREFRAME
350
30
  3
X-RAY
350
40
  0
DICTIONARY
  5
1000025F
102
{ACAD_REACTORS
330
C
102
}
330
C
100
AcDbDictionary
  3
CEPSNID
350
10000269
  3
CEPSNTYPE
350
10000268
  3
DIMSTYLEDATA
350
1000027F
  3
FINGERPRINTGUID
350
1000026A
  3
HYPERLINKBASE
350
10000262
  3
INSUNITS
350
10000267
  3
LAYOUTDICT
350
10000264
  3
LWETCUNION
350
10000266
  3
PLOTSETDICT
350
10000265
  3
PSVPSCALE
350
1000026C
  3
PUCSBASE
350
1000026F
  3
PUCSORGBACK
350
10000275
  3
PUCSORGBOTTOM
350
10000271
  3
PUCSORGFRONT
350
10000274
  3
PUCSORGLEFT
350
10000272
  3
PUCSORGRIGHT
350
10000273
  3
PUCSORGTOP
350
10000270
  3
PUCSORTHOREF
350
1000026D
  3
PUCSORTHOVIEW
350
1000026E
  3
STYLESHEET
350
10000263
  3
TSTACKALIGN
350
10000260
  3
TSTACKSIZE
350
10000261
  3
UCSBASE
350
10000278
  3
UCSORGBACK
350
1000027E
  3
UCSORGBOTTOM
350
1000027A
  3
UCSORGFRONT
350
1000027D
  3
UCSORGLEFT
350
1000027B
  3
UCSORGRIGHT
350
1000027C
  3
UCSORGTOP
350
10000279
  3
UCSORTHOREF
350
10000276
  3
UCSORTHOVIEW
350
10000277
  3
VERSIONGUID
350
1000026B
  0
DICTIONARY
  5
10000280
102
{ACAD_REACTORS
330
C
102
}
330
C
100
AcDbDictionary
  3
CANNOSCALE
350
1000028E
  3
CENTEREXE
350
10000287
  3
CENTERLTYPEFILE
350
10000288
  3
CMLEADERSTYLE
350
10000282
  3
CTABLESTYLE
350
10000281
  3
DIMASSOC
350
10000289
  3
HIDETEXT
350
1000028A
  3
MSLTSCALE
350
1000028F
  3
PSOLHEIGHT
350
10000284
  3
PSOLWIDTH
350
10000283
  0
XRECORD
  5
1000028B
102
{ACAD_REACTORS
330
C
102
}
330
C
100
AcDbXrecord
  1
DWGPROPS COOKIE
  2

  3

  4

  6
File was created by BTDwgCreate
  7

  8
onshape
  9

300
=
301
=
302
=
303
=
304
=
305
=
306
=
307
=
308
=
309
=
 40
0.0
 41
2461112.794732778
 42
2461112.794732836
  1

 90
        0
  0
DICTIONARY
  5
10000001
102
{ACAD_REACTORS
330
C
102
}
330
C
100
AcDbDictionary
280
     1
  3
DIM_UNITS
360
10000003
  3
DWGGEN_VERSION
360
10000002
  3
FIRST_ANGLE
360
10000005
  0
XRECORD
  5
1000028D
102
{ACAD_REACTORS
330
1000028C
102
}
330
1000028C
100
AcDbXrecord
102
VTR_0.000_0.000_1.000_1.000_VISUALSTYLE
340
2F
102
VTR_0.000_0.000_1.000_1.000_GRIDDISPLAY
 70
     3
102
VTR_0.000_0.000_1.000_1.000_GRIDMAJOR
 70
     5
102
VTR_0.000_0.000_1.000_1.000_DEFAULTLIGHTING
280
     1
102
VTR_0.000_0.000_1.000_1.000_DEFAULTLIGHTINGTYPE
 70
     1
102
VTR_0.000_0.000_1.000_1.000_BRIGHTNESS
141
0.0
102
VTR_0.000_0.000_1.000_1.000_CONTRAST
142
0.0
  0
SORTENTSTABLE
  5
1000025E
102
{ACAD_REACTORS
330
1000025D
102
}
330
1000025D
100
AcDbSortentsTable
330
1F
  0
XRECORD
  5
1000005D
102
{ACAD_REACTORS
330
1000005A
102
}
330
1000005A
100
AcDbXrecord
 40
1.248442330650745
  0
XRECORD
  5
1000005B
102
{ACAD_REACTORS
330
1000005A
102
}
330
1000005A
100
AcDbXrecord
1000
JUN
  0
XRECORD
  5
1000005C
102
{ACAD_REACTORS
330
1000005A
102
}
330
1000005A
100
AcDbXrecord
1000
KWuC
  0
XRECORD
  5
1000005E
102
{ACAD_REACTORS
330
1000005A
102
}
330
1000005A
100
AcDbXrecord
1000
JHD
  0
XRECORD
  5
10000063
102
{ACAD_REACTORS
330
10000060
102
}
330
10000060
100
AcDbXrecord
 40
1.249999999999973
  0
XRECORD
  5
10000061
102
{ACAD_REACTORS
330
10000060
102
}
330
10000060
100
AcDbXrecord
1000
JUR
  0
XRECORD
  5
10000062
102
{ACAD_REACTORS
330
10000060
102
}
330
10000060
100
AcDbXrecord
1000
KWuC
  0
XRECORD
  5
10000064
102
{ACAD_REACTORS
330
10000060
102
}
330
10000060
100
AcDbXrecord
1000
JHD
  0
XRECORD
  5
10000069
102
{ACAD_REACTORS
330
10000066
102
}
330
10000066
100
AcDbXrecord
 40
1.249999999999973
  0
XRECORD
  5
10000067
102
{ACAD_REACTORS
330
10000066
102
}
330
10000066
100
AcDbXrecord
1000
JUV
  0
XRECORD
  5
10000068
102
{ACAD_REACTORS
330
10000066
102
}
330
10000066
100
AcDbXrecord
1000
KWuC
  0
XRECORD
  5
1000006A
102
{ACAD_REACTORS
330
10000066
102
}
330
10000066
100
AcDbXrecord
1000
JHD
  0
XRECORD
  5
1000006F
102
{ACAD_REACTORS
330
1000006C
102
}
330
1000006C
100
AcDbXrecord
 40
2.149999999999985
  0
XRECORD
  5
1000006D
102
{ACAD_REACTORS
330
1000006C
102
}
330
1000006C
100
AcDbXrecord
1000
KPtJ
  0
XRECORD
  5
1000006E
102
{ACAD_REACTORS
330
1000006C
102
}
330
1000006C
100
AcDbXrecord
1000
KWuC
  0
XRECORD
  5
10000070
102
{ACAD_REACTORS
330
1000006C
102
}
330
1000006C
100
AcDbXrecord
1000
JHD
  0
XRECORD
  5
10000075
102
{ACAD_REACTORS
330
10000072
102
}
330
10000072
100
AcDbXrecord
 40
2.150000000000013
  0
XRECORD
  5
10000073
102
{ACAD_REACTORS
330
10000072
102
}
330
10000072
100
AcDbXrecord
1000
KPxJ
  0
XRECORD
  5
10000074
102
{ACAD_REACTORS
330
10000072
102
}
330
10000072
100
AcDbXrecord
1000
KWuC
  0
XRECORD
  5
10000076
102
{ACAD_REACTORS
330
10000072
102
}
330
10000072
100
AcDbXrecord
1000
JHD
  0
XRECORD
  5
1000007B
102
{ACAD_REACTORS
330
10000078
102
}
330
10000078
100
AcDbXrecord
 40
2.150000000000013
  0
XRECORD
  5
10000079
102
{ACAD_REACTORS
330
10000078
102
}
330
10000078
100
AcDbXrecord
1000
KP1J
  0
XRECORD
  5
1000007A
102
{ACAD_REACTORS
330
10000078
102
}
330
10000078
100
AcDbXrecord
1000
KWuC
  0
XRECORD
  5
1000007C
102
{ACAD_REACTORS
330
10000078
102
}
330
10000078
100
AcDbXrecord
1000
JHD
  0
XRECORD
  5
1000007F
102
{ACAD_REACTORS
330
1000007E
102
}
330
1000007E
100
AcDbXrecord
1000
KWlF
  0
XRECORD
  5
10000080
102
{ACAD_REACTORS
330
1000007E
102
}
330
1000007E
100
AcDbXrecord
1000
JHD
  0
XRECORD
  5
10000083
102
{ACAD_REACTORS
330
10000082
102
}
330
10000082
100
AcDbXrecord
1000
KWJH
  0
XRECORD
  5
10000084
102
{ACAD_REACTORS
330
10000082
102
}
330
10000082
100
AcDbXrecord
1000
JHD
  0
XRECORD
  5
10000087
102
{ACAD_REACTORS
330
10000086
102
}
330
10000086
100
AcDbXrecord
1000
KPhH
  0
XRECORD
  5
10000088
102
{ACAD_REACTORS
330
10000086
102
}
330
10000086
100
AcDbXrecord
1000
JHD
  0
XRECORD
  5
1000008B
102
{ACAD_REACTORS
330
1000008A
102
}
330
1000008A
100
AcDbXrecord
1000
KW9G
  0
XRECORD
  5
1000008C
102
{ACAD_REACTORS
330
1000008A
102
}
330
1000008A
100
AcDbXrecord
1000
JHD
  0
XRECORD
  5
1000008F
102
{ACAD_REACTORS
330
1000008E
102
}
330
1000008E
100
AcDbXrecord
1000
KPhJ
  0
XRECORD
  5
10000090
102
{ACAD_REACTORS
330
1000008E
102
}
330
1000008E
100
AcDbXrecord
1000
JHD
  0
XRECORD
  5
10000093
102
{ACAD_REACTORS
330
10000092
102
}
330
10000092
100
AcDbXrecord
1000
KPdH
  0
XRECORD
  5
10000094
102
{ACAD_REACTORS
330
10000092
102
}
330
10000092
100
AcDbXrecord
1000
JHD
  0
XRECORD
  5
10000097
102
{ACAD_REACTORS
330
10000096
102
}
330
10000096
100
AcDbXrecord
1000
KPlH
  0
XRECORD
  5
10000098
102
{ACAD_REACTORS
330
10000096
102
}
330
10000096
100
AcDbXrecord
1000
JHD
  0
XRECORD
  5
1000009B
102
{ACAD_REACTORS
330
1000009A
102
}
330
1000009A
100
AcDbXrecord
1000
KPVJ
  0
XRECORD
  5
1000009C
102
{ACAD_REACTORS
330
1000009A
102
}
330
1000009A
100
AcDbXrecord
1000
JHD
  0
XRECORD
  5
1000009F
102
{ACAD_REACTORS
330
1000009E
102
}
330
1000009E
100
AcDbXrecord
1000
KPRI
  0
XRECORD
  5
100000A0
102
{ACAD_REACTORS
330
1000009E
102
}
330
1000009E
100
AcDbXrecord
1000
JHD
  0
XRECORD
  5
100000A3
102
{ACAD_REACTORS
330
100000A2
102
}
330
100000A2
100
AcDbXrecord
1000
KW9F
  0
XRECORD
  5
100000A4
102
{ACAD_REACTORS
330
100000A2
102
}
330
100000A2
100
AcDbXrecord
1000
JHD
  0
XRECORD
  5
100000A7
102
{ACAD_REACTORS
330
100000A6
102
}
330
100000A6
100
AcDbXrecord
1000
KP9F
  0
XRECORD
  5
100000A8
102
{ACAD_REACTORS
330
100000A6
102
}
330
100000A6
100
AcDbXrecord
1000
JHD
  0
XRECORD
  5
100000AB
102
{ACAD_REACTORS
330
100000AA
102
}
330
100000AA
100
AcDbXrecord
1000
KPRF
  0
XRECORD
  5
100000AC
102
{ACAD_REACTORS
330
100000AA
102
}
330
100000AA
100
AcDbXrecord
1000
JHD
  0
XRECORD
  5
100000AF
102
{ACAD_REACTORS
330
100000AE
102
}
330
100000AE
100
AcDbXrecord
1000
KPlF
  0
XRECORD
  5
100000B0
102
{ACAD_REACTORS
330
100000AE
102
}
330
100000AE
100
AcDbXrecord
1000
JHD
  0
XRECORD
  5
100000B3
102
{ACAD_REACTORS
330
100000B2
102
}
330
100000B2
100
AcDbXrecord
1000
KPZF
  0
XRECORD
  5
100000B4
102
{ACAD_REACTORS
330
100000B2
102
}
330
100000B2
100
AcDbXrecord
1000
JHD
  0
XRECORD
  5
100000B7
102
{ACAD_REACTORS
330
100000B6
102
}
330
100000B6
100
AcDbXrecord
1000
KPFI
  0
XRECORD
  5
100000B8
102
{ACAD_REACTORS
330
100000B6
102
}
330
100000B6
100
AcDbXrecord
1000
JHD
  0
XRECORD
  5
100000BB
102
{ACAD_REACTORS
330
100000BA
102
}
330
100000BA
100
AcDbXrecord
1000
KPVF
  0
XRECORD
  5
100000BC
102
{ACAD_REACTORS
330
100000BA
102
}
330
100000BA
100
AcDbXrecord
1000
JHD
  0
XRECORD
  5
100000BF
102
{ACAD_REACTORS
330
100000BE
102
}
330
100000BE
100
AcDbXrecord
1000
KPpG
  0
XRECORD
  5
100000C0
102
{ACAD_REACTORS
330
100000BE
102
}
330
100000BE
100
AcDbXrecord
1000
JHD
  0
XRECORD
  5
100000C3
102
{ACAD_REACTORS
330
100000C2
102
}
330
100000C2
100
AcDbXrecord
1000
KWBF
  0
XRECORD
  5
100000C4
102
{ACAD_REACTORS
330
100000C2
102
}
330
100000C2
100
AcDbXrecord
1000
JHD
  0
XRECORD
  5
100000C7
102
{ACAD_REACTORS
330
100000C6
102
}
330
100000C6
100
AcDbXrecord
1000
KPZJ
  0
XRECORD
  5
100000C8
102
{ACAD_REACTORS
330
100000C6
102
}
330
100000C6
100
AcDbXrecord
1000
JHD
  0
XRECORD
  5
100000CB
102
{ACAD_REACTORS
330
100000CA
102
}
330
100000CA
100
AcDbXrecord
1000
KPBG
  0
XRECORD
  5
100000CC
102
{ACAD_REACTORS
330
100000CA
102
}
330
100000CA
100
AcDbXrecord
1000
JHD
  0
XRECORD
  5
100000CF
102
{ACAD_REACTORS
330
100000CE
102
}
330
100000CE
100
AcDbXrecord
1000
KWlG
  0
XRECORD
  5
100000D0
102
{ACAD_REACTORS
330
100000CE
102
}
330
100000CE
100
AcDbXrecord
1000
JHD
  0
XRECORD
  5
100000D3
102
{ACAD_REACTORS
330
100000D2
102
}
330
100000D2
100
AcDbXrecord
1000
KWtG
  0
XRECORD
  5
100000D4
102
{ACAD_REACTORS
330
100000D2
102
}
330
100000D2
100
AcDbXrecord
1000
JHD
  0
XRECORD
  5
100000D7
102
{ACAD_REACTORS
330
100000D6
102
}
330
100000D6
100
AcDbXrecord
1000
KWpG
  0
XRECORD
  5
100000D8
102
{ACAD_REACTORS
330
100000D6
102
}
330
100000D6
100
AcDbXrecord
1000
JHD
  0
XRECORD
  5
100000DB
102
{ACAD_REACTORS
330
100000DA
102
}
330
100000DA
100
AcDbXrecord
1000
KP9G
  0
XRECORD
  5
100000DC
102
{ACAD_REACTORS
330
100000DA
102
}
330
100000DA
100
AcDbXrecord
1000
JHD
  0
XRECORD
  5
100000DF
102
{ACAD_REACTORS
330
100000DE
102
}
330
100000DE
100
AcDbXrecord
1000
KWNH
  0
XRECORD
  5
100000E0
102
{ACAD_REACTORS
330
100000DE
102
}
330
100000DE
100
AcDbXrecord
1000
JHD
  0
XRECORD
  5
100000E3
102
{ACAD_REACTORS
330
100000E2
102
}
330
100000E2
100
AcDbXrecord
1000
KWRF
  0
XRECORD
  5
100000E4
102
{ACAD_REACTORS
330
100000E2
102
}
330
100000E2
100
AcDbXrecord
1000
JHD
  0
XRECORD
  5
100000E7
102
{ACAD_REACTORS
330
100000E6
102
}
330
100000E6
100
AcDbXrecord
1000
KPZH
  0
XRECORD
  5
100000E8
102
{ACAD_REACTORS
330
100000E6
102
}
330
100000E6
100
AcDbXrecord
1000
JHD
  0
XRECORD
  5
100000EB
102
{ACAD_REACTORS
330
100000EA
102
}
330
100000EA
100
AcDbXrecord
1000
KW1F
  0
XRECORD
  5
100000EC
102
{ACAD_REACTORS
330
100000EA
102
}
330
100000EA
100
AcDbXrecord
1000
JHD
  0
XRECORD
  5
100000EF
102
{ACAD_REACTORS
330
100000EE
102
}
330
100000EE
100
AcDbXrecord
1000
KPdI
  0
XRECORD
  5
100000F0
102
{ACAD_REACTORS
330
100000EE
102
}
330
100000EE
100
AcDbXrecord
1000
JHD
  0
XRECORD
  5
100000F3
102
{ACAD_REACTORS
330
100000F2
102
}
330
100000F2
100
AcDbXrecord
1000
KP1F
  0
XRECORD
  5
100000F4
102
{ACAD_REACTORS
330
100000F2
102
}
330
100000F2
100
AcDbXrecord
1000
JHD
  0
XRECORD
  5
100000F7
102
{ACAD_REACTORS
330
100000F6
102
}
330
100000F6
100
AcDbXrecord
1000
KPBI
  0
XRECORD
  5
100000F8
102
{ACAD_REACTORS
330
100000F6
102
}
330
100000F6
100
AcDbXrecord
1000
JHD
  0
XRECORD
  5
100000FB
102
{ACAD_REACTORS
330
100000FA
102
}
330
100000FA
100
AcDbXrecord
1000
KWVG
  0
XRECORD
  5
100000FC
102
{ACAD_REACTORS
330
100000FA
102
}
330
100000FA
100
AcDbXrecord
1000
JHD
  0
XRECORD
  5
100000FF
102
{ACAD_REACTORS
330
100000FE
102
}
330
100000FE
100
AcDbXrecord
1000
KWhF
  0
XRECORD
  5
10000100
102
{ACAD_REACTORS
330
100000FE
102
}
330
100000FE
100
AcDbXrecord
1000
JHD
  0
XRECORD
  5
10000103
102
{ACAD_REACTORS
330
10000102
102
}
330
10000102
100
AcDbXrecord
1000
KWJF
  0
XRECORD
  5
10000104
102
{ACAD_REACTORS
330
10000102
102
}
330
10000102
100
AcDbXrecord
1000
JHD
  0
XRECORD
  5
10000107
102
{ACAD_REACTORS
330
10000106
102
}
330
10000106
100
AcDbXrecord
1000
KVNB
  0
XRECORD
  5
10000108
102
{ACAD_REACTORS
330
10000106
102
}
330
10000106
100
AcDbXrecord
1000
JHD
  0
XRECORD
  5
1000010B
102
{ACAD_REACTORS
330
1000010A
102
}
330
1000010A
100
AcDbXrecord
1000
KW5G
  0
XRECORD
  5
1000010C
102
{ACAD_REACTORS
330
1000010A
102
}
330
1000010A
100
AcDbXrecord
1000
JHD
  0
XRECORD
  5
1000010F
102
{ACAD_REACTORS
330
1000010E
102
}
330
1000010E
100
AcDbXrecord
1000
KPVH
  0
XRECORD
  5
10000110
102
{ACAD_REACTORS
330
1000010E
102
}
330
1000010E
100
AcDbXrecord
1000
JHD
  0
XRECORD
  5
10000113
102
{ACAD_REACTORS
330
10000112
102
}
330
10000112
100
AcDbXrecord
1000
KP5H
  0
XRECORD
  5
10000114
102
{ACAD_REACTORS
330
10000112
102
}
330
10000112
100
AcDbXrecord
1000
JHD
  0
XRECORD
  5
10000117
102
{ACAD_REACTORS
330
10000116
102
}
330
10000116
100
AcDbXrecord
1000
KVFB
  0
XRECORD
  5
10000118
102
{ACAD_REACTORS
330
10000116
102
}
330
10000116
100
AcDbXrecord
1000
JHD
  0
XRECORD
  5
1000011B
102
{ACAD_REACTORS
330
1000011A
102
}
330
1000011A
100
AcDbXrecord
1000
KPJI
  0
XRECORD
  5
1000011C
102
{ACAD_REACTORS
330
1000011A
102
}
330
1000011A
100
AcDbXrecord
1000
JHD
  0
XRECORD
  5
1000011F
102
{ACAD_REACTORS
330
1000011E
102
}
330
1000011E
100
AcDbXrecord
1000
KPBH
  0
XRECORD
  5
10000120
102
{ACAD_REACTORS
330
1000011E
102
}
330
1000011E
100
AcDbXrecord
1000
JHD
  0
XRECORD
  5
10000123
102
{ACAD_REACTORS
330
10000122
102
}
330
10000122
100
AcDbXrecord
1000
KPlG
  0
XRECORD
  5
10000124
102
{ACAD_REACTORS
330
10000122
102
}
330
10000122
100
AcDbXrecord
1000
JHD
  0
XRECORD
  5
10000127
102
{ACAD_REACTORS
330
10000126
102
}
330
10000126
100
AcDbXrecord
1000
KWVF
  0
XRECORD
  5
10000128
102
{ACAD_REACTORS
330
10000126
102
}
330
10000126
100
AcDbXrecord
1000
JHD
  0
XRECORD
  5
1000012B
102
{ACAD_REACTORS
330
1000012A
102
}
330
1000012A
100
AcDbXrecord
1000
KPpI
  0
XRECORD
  5
1000012C
102
{ACAD_REACTORS
330
1000012A
102
}
330
1000012A
100
AcDbXrecord
1000
JHD
  0
XRECORD
  5
1000012F
102
{ACAD_REACTORS
330
1000012E
102
}
330
1000012E
100
AcDbXrecord
1000
KPlJ
  0
XRECORD
  5
10000130
102
{ACAD_REACTORS
330
1000012E
102
}
330
1000012E
100
AcDbXrecord
1000
JHD
  0
XRECORD
  5
10000133
102
{ACAD_REACTORS
330
10000132
102
}
330
10000132
100
AcDbXrecord
1000
KP1I
  0
XRECORD
  5
10000134
102
{ACAD_REACTORS
330
10000132
102
}
330
10000132
100
AcDbXrecord
1000
JHD
  0
XRECORD
  5
10000137
102
{ACAD_REACTORS
330
10000136
102
}
330
10000136
100
AcDbXrecord
1000
KWNG
  0
XRECORD
  5
10000138
102
{ACAD_REACTORS
330
10000136
102
}
330
10000136
100
AcDbXrecord
1000
JHD
  0
XRECORD
  5
1000013B
102
{ACAD_REACTORS
330
1000013A
102
}
330
1000013A
100
AcDbXrecord
1000
KPNG
  0
XRECORD
  5
1000013C
102
{ACAD_REACTORS
330
1000013A
102
}
330
1000013A
100
AcDbXrecord
1000
JHD
  0
XRECORD
  5
1000013F
102
{ACAD_REACTORS
330
1000013E
102
}
330
1000013E
100
AcDbXrecord
1000
KP5G
  0
XRECORD
  5
10000140
102
{ACAD_REACTORS
330
1000013E
102
}
330
1000013E
100
AcDbXrecord
1000
JHD
  0
XRECORD
  5
10000143
102
{ACAD_REACTORS
330
10000142
102
}
330
10000142
100
AcDbXrecord
1000
KPxG
  0
XRECORD
  5
10000144
102
{ACAD_REACTORS
330
10000142
102
}
330
10000142
100
AcDbXrecord
1000
JHD
  0
XRECORD
  5
10000147
102
{ACAD_REACTORS
330
10000146
102
}
330
10000146
100
AcDbXrecord
1000
KWRG
  0
XRECORD
  5
10000148
102
{ACAD_REACTORS
330
10000146
102
}
330
10000146
100
AcDbXrecord
1000
JHD
  0
XRECORD
  5
1000014B
102
{ACAD_REACTORS
330
1000014A
102
}
330
1000014A
100
AcDbXrecord
1000
KPxH
  0
XRECORD
  5
1000014C
102
{ACAD_REACTORS
330
1000014A
102
}
330
1000014A
100
AcDbXrecord
1000
JHD
  0
XRECORD
  5
1000014F
102
{ACAD_REACTORS
330
1000014E
102
}
330
1000014E
100
AcDbXrecord
1000
KWdD
  0
XRECORD
  5
10000150
102
{ACAD_REACTORS
330
1000014E
102
}
330
1000014E
100
AcDbXrecord
1000
JHD
  0
XRECORD
  5
10000153
102
{ACAD_REACTORS
330
10000152
102
}
330
10000152
100
AcDbXrecord
1000
KWNB
  0
XRECORD
  5
10000154
102
{ACAD_REACTORS
330
10000152
102
}
330
10000152
100
AcDbXrecord
1000
JHD
  0
XRECORD
  5
10000157
102
{ACAD_REACTORS
330
10000156
102
}
330
10000156
100
AcDbXrecord
1000
KW9C
  0
XRECORD
  5
10000158
102
{ACAD_REACTORS
330
10000156
102
}
330
10000156
100
AcDbXrecord
1000
JHD
  0
XRECORD
  5
1000015B
102
{ACAD_REACTORS
330
1000015A
102
}
330
1000015A
100
AcDbXrecord
1000
KWtD
  0
XRECORD
  5
1000015C
102
{ACAD_REACTORS
330
1000015A
102
}
330
1000015A
100
AcDbXrecord
1000
JHD
  0
XRECORD
  5
1000015F
102
{ACAD_REACTORS
330
1000015E
102
}
330
1000015E
100
AcDbXrecord
1000
JV9
  0
XRECORD
  5
10000160
102
{ACAD_REACTORS
330
1000015E
102
}
330
1000015E
100
AcDbXrecord
1000
JHD
  0
XRECORD
  5
10000163
102
{ACAD_REACTORS
330
10000162
102
}
330
10000162
100
AcDbXrecord
1000
KWtC
  0
XRECORD
  5
10000164
102
{ACAD_REACTORS
330
10000162
102
}
330
10000162
100
AcDbXrecord
1000
JHD
  0
XRECORD
  5
10000167
102
{ACAD_REACTORS
330
10000166
102
}
330
10000166
100
AcDbXrecord
1000
JVt
  0
XRECORD
  5
10000168
102
{ACAD_REACTORS
330
10000166
102
}
330
10000166
100
AcDbXrecord
1000
JHD
  0
XRECORD
  5
1000016B
102
{ACAD_REACTORS
330
1000016A
102
}
330
1000016A
100
AcDbXrecord
1000
KWNC
  0
XRECORD
  5
1000016C
102
{ACAD_REACTORS
330
1000016A
102
}
330
1000016A
100
AcDbXrecord
1000
JHD
  0
XRECORD
  5
1000016F
102
{ACAD_REACTORS
330
1000016E
102
}
330
1000016E
100
AcDbXrecord
1000
JWN
  0
XRECORD
  5
10000170
102
{ACAD_REACTORS
330
1000016E
102
}
330
1000016E
100
AcDbXrecord
1000
JHD
  0
XRECORD
  5
10000173
102
{ACAD_REACTORS
330
10000172
102
}
330
10000172
100
AcDbXrecord
1000
KWdC
  0
XRECORD
  5
10000174
102
{ACAD_REACTORS
330
10000172
102
}
330
10000172
100
AcDbXrecord
1000
JHD
  0
XRECORD
  5
10000177
102
{ACAD_REACTORS
330
10000176
102
}
330
10000176
100
AcDbXrecord
1000
JW9
  0
XRECORD
  5
10000178
102
{ACAD_REACTORS
330
10000176
102
}
330
10000176
100
AcDbXrecord
1000
JHD
  0
XRECORD
  5
1000017B
102
{ACAD_REACTORS
330
1000017A
102
}
330
1000017A
100
AcDbXrecord
1000
JVN
  0
XRECORD
  5
1000017C
102
{ACAD_REACTORS
330
1000017A
102
}
330
1000017A
100
AcDbXrecord
1000
JHD
  0
XRECORD
  5
1000017F
102
{ACAD_REACTORS
330
1000017E
102
}
330
1000017E
100
AcDbXrecord
1000
JVd
  0
XRECORD
  5
10000180
102
{ACAD_REACTORS
330
1000017E
102
}
330
1000017E
100
AcDbXrecord
1000
JHD
  0
XRECORD
  5
10000183
102
{ACAD_REACTORS
330
10000182
102
}
330
10000182
100
AcDbXrecord
1000
KW9D
  0
XRECORD
  5
10000184
102
{ACAD_REACTORS
330
10000182
102
}
330
10000182
100
AcDbXrecord
1000
JHD
  0
XRECORD
  5
10000187
102
{ACAD_REACTORS
330
10000186
102
}
330
10000186
100
AcDbXrecord
1000
JWt
  0
XRECORD
  5
10000188
102
{ACAD_REACTORS
330
10000186
102
}
330
10000186
100
AcDbXrecord
1000
JHD
  0
XRECORD
  5
1000018B
102
{ACAD_REACTORS
330
1000018A
102
}
330
1000018A
100
AcDbXrecord
1000
JWd
  0
XRECORD
  5
1000018C
102
{ACAD_REACTORS
330
1000018A
102
}
330
1000018A
100
AcDbXrecord
1000
JHD
  0
XRECORD
  5
1000018F
102
{ACAD_REACTORS
330
1000018E
102
}
330
1000018E
100
AcDbXrecord
1000
KWtB
  0
XRECORD
  5
10000190
102
{ACAD_REACTORS
330
1000018E
102
}
330
1000018E
100
AcDbXrecord
1000
JHD
  0
XRECORD
  5
10000193
102
{ACAD_REACTORS
330
10000192
102
}
330
10000192
100
AcDbXrecord
1000
KW9B
  0
XRECORD
  5
10000194
102
{ACAD_REACTORS
330
10000192
102
}
330
10000192
100
AcDbXrecord
1000
JHD
  0
XRECORD
  5
10000197
102
{ACAD_REACTORS
330
10000196
102
}
330
10000196
100
AcDbXrecord
1000
KWND
  0
XRECORD
  5
10000198
102
{ACAD_REACTORS
330
10000196
102
}
330
10000196
100
AcDbXrecord
1000
JHD
  0
XRECORD
  5
1000019B
102
{ACAD_REACTORS
330
1000019A
102
}
330
1000019A
100
AcDbXrecord
1000
KWdB
  0
XRECORD
  5
1000019C
102
{ACAD_REACTORS
330
1000019A
102
}
330
1000019A
100
AcDbXrecord
1000
JHD
  0
XRECORD
  5
100001A1
102
{ACAD_REACTORS
330
1000019E
102
}
330
1000019E
100
AcDbXrecord
 40
3.000000000000003
  0
XRECORD
  5
1000019F
102
{ACAD_REACTORS
330
1000019E
102
}
330
1000019E
100
AcDbXrecord
1000
KP9H
  0
XRECORD
  5
100001A0
102
{ACAD_REACTORS
330
1000019E
102
}
330
1000019E
100
AcDbXrecord
1000
KWuC
  0
XRECORD
  5
100001A2
102
{ACAD_REACTORS
330
1000019E
102
}
330
1000019E
100
AcDbXrecord
1000
JHD
  0
XRECORD
  5
100001A7
102
{ACAD_REACTORS
330
100001A4
102
}
330
100001A4
100
AcDbXrecord
 40
3.000000000000179
  0
XRECORD
  5
100001A5
102
{ACAD_REACTORS
330
100001A4
102
}
330
100001A4
100
AcDbXrecord
1000
KPZI
  0
XRECORD
  5
100001A6
102
{ACAD_REACTORS
330
100001A4
102
}
330
100001A4
100
AcDbXrecord
1000
KWuC
  0
XRECORD
  5
100001A8
102
{ACAD_REACTORS
330
100001A4
102
}
330
100001A4
100
AcDbXrecord
1000
JHD
  0
XRECORD
  5
100001AD
102
{ACAD_REACTORS
330
100001AA
102
}
330
100001AA
100
AcDbXrecord
 40
3.000000000000318
  0
XRECORD
  5
100001AB
102
{ACAD_REACTORS
330
100001AA
102
}
330
100001AA
100
AcDbXrecord
1000
KP9I
  0
XRECORD
  5
100001AC
102
{ACAD_REACTORS
330
100001AA
102
}
330
100001AA
100
AcDbXrecord
1000
KWuC
  0
XRECORD
  5
100001AE
102
{ACAD_REACTORS
330
100001AA
102
}
330
100001AA
100
AcDbXrecord
1000
JHD
  0
XRECORD
  5
100001B3
102
{ACAD_REACTORS
330
100001B0
102
}
330
100001B0
100
AcDbXrecord
 40
3.000000000000002
  0
XRECORD
  5
100001B1
102
{ACAD_REACTORS
330
100001B0
102
}
330
100001B0
100
AcDbXrecord
1000
KPdJ
  0
XRECORD
  5
100001B2
102
{ACAD_REACTORS
330
100001B0
102
}
330
100001B0
100
AcDbXrecord
1000
KWuC
  0
XRECORD
  5
100001B4
102
{ACAD_REACTORS
330
100001B0
102
}
330
100001B0
100
AcDbXrecord
1000
JHD
  0
XRECORD
  5
100001B9
102
{ACAD_REACTORS
330
100001B6
102
}
330
100001B6
100
AcDbXrecord
 40
3.000000000000011
  0
XRECORD
  5
100001B7
102
{ACAD_REACTORS
330
100001B6
102
}
330
100001B6
100
AcDbXrecord
1000
KWdF
  0
XRECORD
  5
100001B8
102
{ACAD_REACTORS
330
100001B6
102
}
330
100001B6
100
AcDbXrecord
1000
KWuC
  0
XRECORD
  5
100001BA
102
{ACAD_REACTORS
330
100001B6
102
}
330
100001B6
100
AcDbXrecord
1000
JHD
  0
XRECORD
  5
100001BF
102
{ACAD_REACTORS
330
100001BC
102
}
330
100001BC
100
AcDbXrecord
 40
2.999999999999505
  0
XRECORD
  5
100001BD
102
{ACAD_REACTORS
330
100001BC
102
}
330
100001BC
100
AcDbXrecord
1000
KPFJ
  0
XRECORD
  5
100001BE
102
{ACAD_REACTORS
330
100001BC
102
}
330
100001BC
100
AcDbXrecord
1000
KWuC
  0
XRECORD
  5
100001C0
102
{ACAD_REACTORS
330
100001BC
102
}
330
100001BC
100
AcDbXrecord
1000
JHD
  0
XRECORD
  5
100001C5
102
{ACAD_REACTORS
330
100001C2
102
}
330
100001C2
100
AcDbXrecord
 40
2.999999999999993
  0
XRECORD
  5
100001C3
102
{ACAD_REACTORS
330
100001C2
102
}
330
100001C2
100
AcDbXrecord
1000
KW5F
  0
XRECORD
  5
100001C4
102
{ACAD_REACTORS
330
100001C2
102
}
330
100001C2
100
AcDbXrecord
1000
KWuC
  0
XRECORD
  5
100001C6
102
{ACAD_REACTORS
330
100001C2
102
}
330
100001C2
100
AcDbXrecord
1000
JHD
  0
XRECORD
  5
100001CB
102
{ACAD_REACTORS
330
100001C8
102
}
330
100001C8
100
AcDbXrecord
 40
2.999999999999975
  0
XRECORD
  5
100001C9
102
{ACAD_REACTORS
330
100001C8
102
}
330
100001C8
100
AcDbXrecord
1000
KPRH
  0
XRECORD
  5
100001CA
102
{ACAD_REACTORS
330
100001C8
102
}
330
100001C8
100
AcDbXrecord
1000
KWuC
  0
XRECORD
  5
100001CC
102
{ACAD_REACTORS
330
100001C8
102
}
330
100001C8
100
AcDbXrecord
1000
JHD
  0
XRECORD
  5
100001D1
102
{ACAD_REACTORS
330
100001CE
102
}
330
100001CE
100
AcDbXrecord
 40
2.99999999999979
  0
XRECORD
  5
100001CF
102
{ACAD_REACTORS
330
100001CE
102
}
330
100001CE
100
AcDbXrecord
1000
KPdG
  0
XRECORD
  5
100001D0
102
{ACAD_REACTORS
330
100001CE
102
}
330
100001CE
100
AcDbXrecord
1000
KWuC
  0
XRECORD
  5
100001D2
102
{ACAD_REACTORS
330
100001CE
102
}
330
100001CE
100
AcDbXrecord
1000
JHD
  0
XRECORD
  5
100001D7
102
{ACAD_REACTORS
330
100001D4
102
}
330
100001D4
100
AcDbXrecord
 40
2.99999999999979
  0
XRECORD
  5
100001D5
102
{ACAD_REACTORS
330
100001D4
102
}
330
100001D4
100
AcDbXrecord
1000
KP1G
  0
XRECORD
  5
100001D6
102
{ACAD_REACTORS
330
100001D4
102
}
330
100001D4
100
AcDbXrecord
1000
KWuC
  0
XRECORD
  5
100001D8
102
{ACAD_REACTORS
330
100001D4
102
}
330
100001D4
100
AcDbXrecord
1000
JHD
  0
XRECORD
  5
100001DD
102
{ACAD_REACTORS
330
100001DA
102
}
330
100001DA
100
AcDbXrecord
 40
3.000000000000004
  0
XRECORD
  5
100001DB
102
{ACAD_REACTORS
330
100001DA
102
}
330
100001DA
100
AcDbXrecord
1000
KPtG
  0
XRECORD
  5
100001DC
102
{ACAD_REACTORS
330
100001DA
102
}
330
100001DA
100
AcDbXrecord
1000
KWuC
  0
XRECORD
  5
100001DE
102
{ACAD_REACTORS
330
100001DA
102
}
330
100001DA
100
AcDbXrecord
1000
JHD
  0
XRECORD
  5
100001E3
102
{ACAD_REACTORS
330
100001E0
102
}
330
100001E0
100
AcDbXrecord
 40
3.000000000000002
  0
XRECORD
  5
100001E1
102
{ACAD_REACTORS
330
100001E0
102
}
330
100001E0
100
AcDbXrecord
1000
KPRJ
  0
XRECORD
  5
100001E2
102
{ACAD_REACTORS
330
100001E0
102
}
330
100001E0
100
AcDbXrecord
1000
KWuC
  0
XRECORD
  5
100001E4
102
{ACAD_REACTORS
330
100001E0
102
}
330
100001E0
100
AcDbXrecord
1000
JHD
  0
XRECORD
  5
100001E9
102
{ACAD_REACTORS
330
100001E6
102
}
330
100001E6
100
AcDbXrecord
 40
3.00000000000001
  0
XRECORD
  5
100001E7
102
{ACAD_REACTORS
330
100001E6
102
}
330
100001E6
100
AcDbXrecord
1000
KPBJ
  0
XRECORD
  5
100001E8
102
{ACAD_REACTORS
330
100001E6
102
}
330
100001E6
100
AcDbXrecord
1000
KWuC
  0
XRECORD
  5
100001EA
102
{ACAD_REACTORS
330
100001E6
102
}
330
100001E6
100
AcDbXrecord
1000
JHD
  0
XRECORD
  5
100001EF
102
{ACAD_REACTORS
330
100001EC
102
}
330
100001EC
100
AcDbXrecord
 40
3.000000000000468
  0
XRECORD
  5
100001ED
102
{ACAD_REACTORS
330
100001EC
102
}
330
100001EC
100
AcDbXrecord
1000
KPJJ
  0
XRECORD
  5
100001EE
102
{ACAD_REACTORS
330
100001EC
102
}
330
100001EC
100
AcDbXrecord
1000
KWuC
  0
XRECORD
  5
100001F0
102
{ACAD_REACTORS
330
100001EC
102
}
330
100001EC
100
AcDbXrecord
1000
JHD
  0
XRECORD
  5
100001F5
102
{ACAD_REACTORS
330
100001F2
102
}
330
100001F2
100
AcDbXrecord
 40
3.000000000000001
  0
XRECORD
  5
100001F3
102
{ACAD_REACTORS
330
100001F2
102
}
330
100001F2
100
AcDbXrecord
1000
KP1H
  0
XRECORD
  5
100001F4
102
{ACAD_REACTORS
330
100001F2
102
}
330
100001F2
100
AcDbXrecord
1000
KWuC
  0
XRECORD
  5
100001F6
102
{ACAD_REACTORS
330
100001F2
102
}
330
100001F2
100
AcDbXrecord
1000
JHD
  0
XRECORD
  5
100001FB
102
{ACAD_REACTORS
330
100001F8
102
}
330
100001F8
100
AcDbXrecord
 40
3.000000000000015
  0
XRECORD
  5
100001F9
102
{ACAD_REACTORS
330
100001F8
102
}
330
100001F8
100
AcDbXrecord
1000
KPNJ
  0
XRECORD
  5
100001FA
102
{ACAD_REACTORS
330
100001F8
102
}
330
100001F8
100
AcDbXrecord
1000
KWuC
  0
XRECORD
  5
100001FC
102
{ACAD_REACTORS
330
100001F8
102
}
330
100001F8
100
AcDbXrecord
1000
JHD
  0
XRECORD
  5
10000201
102
{ACAD_REACTORS
330
100001FE
102
}
330
100001FE
100
AcDbXrecord
 40
3.00000000000002
  0
XRECORD
  5
100001FF
102
{ACAD_REACTORS
330
100001FE
102
}
330
100001FE
100
AcDbXrecord
1000
KWxF
  0
XRECORD
  5
10000200
102
{ACAD_REACTORS
330
100001FE
102
}
330
100001FE
100
AcDbXrecord
1000
KWuC
  0
XRECORD
  5
10000202
102
{ACAD_REACTORS
330
100001FE
102
}
330
100001FE
100
AcDbXrecord
1000
JHD
  0
XRECORD
  5
10000207
102
{ACAD_REACTORS
330
10000204
102
}
330
10000204
100
AcDbXrecord
 40
2.999999999999992
  0
XRECORD
  5
10000205
102
{ACAD_REACTORS
330
10000204
102
}
330
10000204
100
AcDbXrecord
1000
KPJH
  0
XRECORD
  5
10000206
102
{ACAD_REACTORS
330
10000204
102
}
330
10000204
100
AcDbXrecord
1000
KWuC
  0
XRECORD
  5
10000208
102
{ACAD_REACTORS
330
10000204
102
}
330
10000204
100
AcDbXrecord
1000
JHD
  0
XRECORD
  5
1000020D
102
{ACAD_REACTORS
330
1000020A
102
}
330
1000020A
100
AcDbXrecord
 40
2.999999999999975
  0
XRECORD
  5
1000020B
102
{ACAD_REACTORS
330
1000020A
102
}
330
1000020A
100
AcDbXrecord
1000
KWtF
  0
XRECORD
  5
1000020C
102
{ACAD_REACTORS
330
1000020A
102
}
330
1000020A
100
AcDbXrecord
1000
KWuC
  0
XRECORD
  5
1000020E
102
{ACAD_REACTORS
330
1000020A
102
}
330
1000020A
100
AcDbXrecord
1000
JHD
  0
XRECORD
  5
10000213
102
{ACAD_REACTORS
330
10000210
102
}
330
10000210
100
AcDbXrecord
 40
2.999999999999989
  0
XRECORD
  5
10000211
102
{ACAD_REACTORS
330
10000210
102
}
330
10000210
100
AcDbXrecord
1000
KPhF
  0
XRECORD
  5
10000212
102
{ACAD_REACTORS
330
10000210
102
}
330
10000210
100
AcDbXrecord
1000
KWuC
  0
XRECORD
  5
10000214
102
{ACAD_REACTORS
330
10000210
102
}
330
10000210
100
AcDbXrecord
1000
JHD
  0
XRECORD
  5
10000219
102
{ACAD_REACTORS
330
10000216
102
}
330
10000216
100
AcDbXrecord
 40
3.000000000000179
  0
XRECORD
  5
10000217
102
{ACAD_REACTORS
330
10000216
102
}
330
10000216
100
AcDbXrecord
1000
KPtF
  0
XRECORD
  5
10000218
102
{ACAD_REACTORS
330
10000216
102
}
330
10000216
100
AcDbXrecord
1000
KWuC
  0
XRECORD
  5
1000021A
102
{ACAD_REACTORS
330
10000216
102
}
330
10000216
100
AcDbXrecord
1000
JHD
  0
XRECORD
  5
1000021F
102
{ACAD_REACTORS
330
1000021C
102
}
330
1000021C
100
AcDbXrecord
 40
2.999999999999594
  0
XRECORD
  5
1000021D
102
{ACAD_REACTORS
330
1000021C
102
}
330
1000021C
100
AcDbXrecord
1000
KPFG
  0
XRECORD
  5
1000021E
102
{ACAD_REACTORS
330
1000021C
102
}
330
1000021C
100
AcDbXrecord
1000
KWuC
  0
XRECORD
  5
10000220
102
{ACAD_REACTORS
330
1000021C
102
}
330
1000021C
100
AcDbXrecord
1000
JHD
  0
XRECORD
  5
10000225
102
{ACAD_REACTORS
330
10000222
102
}
330
10000222
100
AcDbXrecord
 40
2.999999999999937
  0
XRECORD
  5
10000223
102
{ACAD_REACTORS
330
10000222
102
}
330
10000222
100
AcDbXrecord
1000
KP5I
  0
XRECORD
  5
10000224
102
{ACAD_REACTORS
330
10000222
102
}
330
10000222
100
AcDbXrecord
1000
KWuC
  0
XRECORD
  5
10000226
102
{ACAD_REACTORS
330
10000222
102
}
330
10000222
100
AcDbXrecord
1000
JHD
  0
XRECORD
  5
1000022B
102
{ACAD_REACTORS
330
10000228
102
}
330
10000228
100
AcDbXrecord
 40
2.999999999999886
  0
XRECORD
  5
10000229
102
{ACAD_REACTORS
330
10000228
102
}
330
10000228
100
AcDbXrecord
1000
KPpJ
  0
XRECORD
  5
1000022A
102
{ACAD_REACTORS
330
10000228
102
}
330
10000228
100
AcDbXrecord
1000
KWuC
  0
XRECORD
  5
1000022C
102
{ACAD_REACTORS
330
10000228
102
}
330
10000228
100
AcDbXrecord
1000
JHD
  0
XRECORD
  5
10000231
102
{ACAD_REACTORS
330
1000022E
102
}
330
1000022E
100
AcDbXrecord
 40
3.000000000000072
  0
XRECORD
  5
1000022F
102
{ACAD_REACTORS
330
1000022E
102
}
330
1000022E
100
AcDbXrecord
1000
KWFF
  0
XRECORD
  5
10000230
102
{ACAD_REACTORS
330
1000022E
102
}
330
1000022E
100
AcDbXrecord
1000
KWuC
  0
XRECORD
  5
10000232
102
{ACAD_REACTORS
330
1000022E
102
}
330
1000022E
100
AcDbXrecord
1000
JHD
  0
XRECORD
  5
10000237
102
{ACAD_REACTORS
330
10000234
102
}
330
10000234
100
AcDbXrecord
 40
3.000000000000024
  0
XRECORD
  5
10000235
102
{ACAD_REACTORS
330
10000234
102
}
330
10000234
100
AcDbXrecord
1000
KWNF
  0
XRECORD
  5
10000236
102
{ACAD_REACTORS
330
10000234
102
}
330
10000234
100
AcDbXrecord
1000
KWuC
  0
XRECORD
  5
10000238
102
{ACAD_REACTORS
330
10000234
102
}
330
10000234
100
AcDbXrecord
1000
JHD
  0
XRECORD
  5
1000023D
102
{ACAD_REACTORS
330
1000023A
102
}
330
1000023A
100
AcDbXrecord
 40
3.000000000000175
  0
XRECORD
  5
1000023B
102
{ACAD_REACTORS
330
1000023A
102
}
330
1000023A
100
AcDbXrecord
1000
KPpF
  0
XRECORD
  5
1000023C
102
{ACAD_REACTORS
330
1000023A
102
}
330
1000023A
100
AcDbXrecord
1000
KWuC
  0
XRECORD
  5
1000023E
102
{ACAD_REACTORS
330
1000023A
102
}
330
1000023A
100
AcDbXrecord
1000
JHD
  0
XRECORD
  5
10000243
102
{ACAD_REACTORS
330
10000240
102
}
330
10000240
100
AcDbXrecord
 40
2.999999999999963
  0
XRECORD
  5
10000241
102
{ACAD_REACTORS
330
10000240
102
}
330
10000240
100
AcDbXrecord
1000
KWZF
  0
XRECORD
  5
10000242
102
{ACAD_REACTORS
330
10000240
102
}
330
10000240
100
AcDbXrecord
1000
KWuC
  0
XRECORD
  5
10000244
102
{ACAD_REACTORS
330
10000240
102
}
330
10000240
100
AcDbXrecord
1000
JHD
  0
XRECORD
  5
10000249
102
{ACAD_REACTORS
330
10000246
102
}
330
10000246
100
AcDbXrecord
 40
3.000000000000012
  0
XRECORD
  5
10000247
102
{ACAD_REACTORS
330
10000246
102
}
330
10000246
100
AcDbXrecord
1000
KWpF
  0
XRECORD
  5
10000248
102
{ACAD_REACTORS
330
10000246
102
}
330
10000246
100
AcDbXrecord
1000
KWuC
  0
XRECORD
  5
1000024A
102
{ACAD_REACTORS
330
10000246
102
}
330
10000246
100
AcDbXrecord
1000
JHD
  0
XRECORD
  5
1000024F
102
{ACAD_REACTORS
330
1000024C
102
}
330
1000024C
100
AcDbXrecord
 40
2.999999999999977
  0
XRECORD
  5
1000024D
102
{ACAD_REACTORS
330
1000024C
102
}
330
1000024C
100
AcDbXrecord
1000
KPRG
  0
XRECORD
  5
1000024E
102
{ACAD_REACTORS
330
1000024C
102
}
330
1000024C
100
AcDbXrecord
1000
KWuC
  0
XRECORD
  5
10000250
102
{ACAD_REACTORS
330
1000024C
102
}
330
1000024C
100
AcDbXrecord
1000
JHD
  0
XRECORD
  5
10000255
102
{ACAD_REACTORS
330
10000252
102
}
330
10000252
100
AcDbXrecord
 40
3.000000000000761
  0
XRECORD
  5
10000253
102
{ACAD_REACTORS
330
10000252
102
}
330
10000252
100
AcDbXrecord
1000
KP5F
  0
XRECORD
  5
10000254
102
{ACAD_REACTORS
330
10000252
102
}
330
10000252
100
AcDbXrecord
1000
KWuC
  0
XRECORD
  5
10000256
102
{ACAD_REACTORS
330
10000252
102
}
330
10000252
100
AcDbXrecord
1000
JHD
  0
XRECORD
  5
1000025B
102
{ACAD_REACTORS
330
10000258
102
}
330
10000258
100
AcDbXrecord
 40
2.999999999999206
  0
XRECORD
  5
10000259
102
{ACAD_REACTORS
330
10000258
102
}
330
10000258
100
AcDbXrecord
1000
KPhG
  0
XRECORD
  5
1000025A
102
{ACAD_REACTORS
330
10000258
102
}
330
10000258
100
AcDbXrecord
1000
KWuC
  0
XRECORD
  5
1000025C
102
{ACAD_REACTORS
330
10000258
102
}
330
10000258
100
AcDbXrecord
1000
JHD
  0
MATERIAL
  5
45
102
{ACAD_REACTORS
330
43
102
}
102
{ACAD_XDICTIONARY
360
10000292
102
}
330
43
100
AcDbMaterial
  1
BYBLOCK
  0
MATERIAL
  5
44
102
{ACAD_REACTORS
330
43
102
}
102
{ACAD_XDICTIONARY
360
10000290
102
}
330
43
100
AcDbMaterial
  1
BYLAYER
  0
MATERIAL
  5
46
102
{ACAD_REACTORS
330
43
102
}
102
{ACAD_XDICTIONARY
360
10000294
102
}
330
43
100
AcDbMaterial
  1
GLOBAL
  0
ACAD_PROXY_OBJECT
  5
5C
102
{ACAD_REACTORS
330
5B
102
}
330
5B
100
AcDbProxyObject
 90
      499
 91
      505
 93
      610
310
40901902A4063FBFFFFFE0000000000000020400000000000020404214DD185B99185C990000000000000104090141901A00000000000004100000000000000041025764000000000000039000
340
14
340
0
340
11
340
0
 94
        0
1001
ACAD_MLEADERVER
1070
     2
  0
MLINESTYLE
  5
18
102
{ACAD_REACTORS
330
17
102
}
330
17
100
AcDbMlineStyle
  2
Standard
 70
     0
  3

 62
   256
 51
90.0
 52
90.0
 71
     2
 49
0.5
 62
   256
  6
BYLAYER
 49
-0.5
 62
   256
  6
BYLAYER
  0
ACAD_PROXY_OBJECT
  5
10000023
102
{ACAD_REACTORS
330
47
102
}
330
47
100
AcDbProxyObject
 90
      499
 91
      503
 93
      121
310
9053130303A310000000000001650100
  0
ACAD_PROXY_OBJECT
  5
1000001D
102
{ACAD_REACTORS
330
47
102
}
330
47
100
AcDbProxyObject
 90
      499
 91
      503
 93
      113
310
90431303A310000000000000910100
  0
ACAD_PROXY_OBJECT
  5
1000001E
102
{ACAD_REACTORS
330
47
102
}
330
47
100
AcDbProxyObject
 90
      499
 91
      503
 93
      113
310
90431323A310000000000000A10100
  0
ACAD_PROXY_OBJECT
  5
1000001F
102
{ACAD_REACTORS
330
47
102
}
330
47
100
AcDbProxyObject
 90
      499
 91
      503
 93
      113
310
90431363A310000000000000C10100
  0
ACAD_PROXY_OBJECT
  5
10000006
102
{ACAD_REACTORS
330
47
102
}
330
47
100
AcDbProxyObject
 90
      499
 91
      503
 93
       41
310
903313A31500
  0
ACAD_PROXY_OBJECT
  5
1000000D
102
{ACAD_REACTORS
330
47
102
}
330
47
100
AcDbProxyObject
 90
      499
 91
      503
 93
      113
310
904313A31304000000000000244000
  0
ACAD_PROXY_OBJECT
  5
10000016
102
{ACAD_REACTORS
330
47
102
}
330
47
100
AcDbProxyObject
 90
      499
 91
      503
 93
      121
310
905313A3130304000000000000594000
  0
ACAD_PROXY_OBJECT
  5
1000000E
102
{ACAD_REACTORS
330
47
102
}
330
47
100
AcDbProxyObject
 90
      499
 91
      503
 93
      113
310
904313A31324000000000000284000
  0
ACAD_PROXY_OBJECT
  5
1000000F
102
{ACAD_REACTORS
330
47
102
}
330
47
100
AcDbProxyObject
 90
      499
 91
      503
 93
      113
310
904313A31364000000000000304000
  0
ACAD_PROXY_OBJECT
  5
10000007
102
{ACAD_REACTORS
330
47
102
}
330
47
100
AcDbProxyObject
 90
      499
 91
      503
 93
      105
310
903313A324000000000000004000
  0
ACAD_PROXY_OBJECT
  5
10000010
102
{ACAD_REACTORS
330
47
102
}
330
47
100
AcDbProxyObject
 90
      499
 91
      503
 93
      113
310
904313A32304000000000000344000
  0
ACAD_PROXY_OBJECT
  5
10000011
102
{ACAD_REACTORS
330
47
102
}
330
47
100
AcDbProxyObject
 90
      499
 91
      503
 93
      113
310
904313A32354000000000000394000
  0
ACAD_PROXY_OBJECT
  5
10000008
102
{ACAD_REACTORS
330
47
102
}
330
47
100
AcDbProxyObject
 90
      499
 91
      503
 93
      105
310
903313A334000000000000084000
  0
ACAD_PROXY_OBJECT
  5
10000012
102
{ACAD_REACTORS
330
47
102
}
330
47
100
AcDbProxyObject
 90
      499
 91
      503
 93
      113
310
904313A33324000000000000404000
  0
ACAD_PROXY_OBJECT
  5
10000009
102
{ACAD_REACTORS
330
47
102
}
330
47
100
AcDbProxyObject
 90
      499
 91
      503
 93
      105
310
903313A344000000000000104000
  0
ACAD_PROXY_OBJECT
  5
10000013
102
{ACAD_REACTORS
330
47
102
}
330
47
100
AcDbProxyObject
 90
      499
 91
      503
 93
      113
310
904313A34304000000000000444000
  0
ACAD_PROXY_OBJECT
  5
1000000A
102
{ACAD_REACTORS
330
47
102
}
330
47
100
AcDbProxyObject
 90
      499
 91
      503
 93
      105
310
903313A354000000000000144000
  0
ACAD_PROXY_OBJECT
  5
10000014
102
{ACAD_REACTORS
330
47
102
}
330
47
100
AcDbProxyObject
 90
      499
 91
      503
 93
      113
310
904313A35304000000000000494000
  0
ACAD_PROXY_OBJECT
  5
1000000B
102
{ACAD_REACTORS
330
47
102
}
330
47
100
AcDbProxyObject
 90
      499
 91
      503
 93
      105
310
903313A364000000000000184000
  0
ACAD_PROXY_OBJECT
  5
1000000C
102
{ACAD_REACTORS
330
47
102
}
330
47
100
AcDbProxyObject
 90
      499
 91
      503
 93
      105
310
903313A384000000000000204000
  0
ACAD_PROXY_OBJECT
  5
10000015
102
{ACAD_REACTORS
330
47
102
}
330
47
100
AcDbProxyObject
 90
      499
 91
      503
 93
      113
310
904313A38304000000000000544000
  0
ACAD_PROXY_OBJECT
  5
10000020
102
{ACAD_REACTORS
330
47
102
}
330
47
100
AcDbProxyObject
 90
      499
 91
      503
 93
      113
310
90432303A310000000000000D10100
  0
ACAD_PROXY_OBJECT
  5
10000017
102
{ACAD_REACTORS
330
47
102
}
330
47
100
AcDbProxyObject
 90
      499
 91
      503
 93
      105
310
903323A310000000000000010100
  0
ACAD_PROXY_OBJECT
  5
10000021
102
{ACAD_REACTORS
330
47
102
}
330
47
100
AcDbProxyObject
 90
      499
 91
      503
 93
      113
310
90433323A310000000000001010100
  0
ACAD_PROXY_OBJECT
  5
10000018
102
{ACAD_REACTORS
330
47
102
}
330
47
100
AcDbProxyObject
 90
      499
 91
      503
 93
      105
310
903333A310000000000000210100
  0
ACAD_PROXY_OBJECT
  5
10000019
102
{ACAD_REACTORS
330
47
102
}
330
47
100
AcDbProxyObject
 90
      499
 91
      503
 93
      105
310
903343A310000000000000410100
  0
ACAD_PROXY_OBJECT
  5
10000022
102
{ACAD_REACTORS
330
47
102
}
330
47
100
AcDbProxyObject
 90
      499
 91
      503
 93
      113
310
90435303A310000000000001250100
  0
ACAD_PROXY_OBJECT
  5
1000001A
102
{ACAD_REACTORS
330
47
102
}
330
47
100
AcDbProxyObject
 90
      499
 91
      503
 93
      105
310
903353A310000000000000510100
  0
ACAD_PROXY_OBJECT
  5
1000001B
102
{ACAD_REACTORS
330
47
102
}
330
47
100
AcDbProxyObject
 90
      499
 91
      503
 93
      105
310
903363A310000000000000610100
  0
ACAD_PROXY_OBJECT
  5
1000001C
102
{ACAD_REACTORS
330
47
102
}
330
47
100
AcDbProxyObject
 90
      499
 91
      503
 93
      105
310
903383A310000000000000810100
  0
ACAD_PROXY_OBJECT
  5
2F
102
{ACAD_REACTORS
330
2A
102
}
330
2A
100
AcDbProxyObject
 90
      499
 91
      501
 93
      436
310
42CC9915DA5C99599C985B595049028333333333333E33F0000000000000F90107901411070040501600405405064090741402480A0340
1001
ACAD
1000
AcDbSavedByObjectVersion
1070
     0
  0
ACAD_PROXY_OBJECT
  5
32
102
{ACAD_REACTORS
330
2A
102
}
330
2A
100
AcDbProxyObject
 90
      499
 91
      501
 93
      388
310
4150985CDA58D07406404333333333333E33F0000000000000F90107A41107004050150841D405064090741402480A0350
1001
ACAD
1000
AcDbSavedByObjectVersion
1070
     0
  0
ACAD_PROXY_OBJECT
  5
36
102
{ACAD_REACTORS
330
2A
102
}
330
2A
100
AcDbProxyObject
 90
      499
 91
      501
 93
      428
310
42109C9A59DA1D195B90C409028333333333333E33F0000000000000F9010790141107004050150841D405064090741402480A029950
1001
ACAD
1000
AcDbSavedByObjectVersion
1070
     0
  0
ACAD_PROXY_OBJECT
  5
3A
102
{ACAD_REACTORS
330
2A
102
}
330
2A
100
AcDbProxyObject
 90
      499
 91
      501
 93
      452
310
42D0DBDB1BDC90DA185B99D95104090240C333333333333E33F0000000000000F90108901411070040501508421405064090741402480A0350
1001
ACAD
1000
AcDbSavedByObjectVersion
1070
     0
  0
ACAD_PROXY_OBJECT
  5
34
102
{ACAD_REACTORS
330
2A
102
}
330
2A
100
AcDbProxyObject
 90
      499
 91
      501
 93
      500
310
4290DBDB98D95C1D1D585B10940D028333333333333E33F0000000000000F90107902409070040501000000000018199010841D405064090740C02480A0340
1001
ACAD
1000
AcDbSavedByObjectVersion
1070
     0
  0
ACAD_PROXY_OBJECT
  5
35
102
{ACAD_REACTORS
330
2A
102
}
330
2A
100
AcDbProxyObject
 90
      499
 91
      501
 93
      412
310
40D11A5B50B409028333333333333E33F0000000000000F9010790141107004050150841D405064090741402480A02677FFFFFD0
1001
ACAD
1000
AcDbSavedByObjectVersion
1070
     0
  0
ACAD_PROXY_OBJECT
  5
3D
102
{ACAD_REACTORS
330
2A
102
}
330
2A
100
AcDbProxyObject
 90
      499
 91
      501
 93
      452
310
43115919D950DBDB1BDC93D999916409028333333333333E33F0000000000000F9010790141107004050150841D405064090741402480A0350
1001
ACAD
1000
AcDbSavedByObjectVersion
1070
     0
  0
ACAD_PROXY_OBJECT
  5
39
102
{ACAD_REACTORS
330
2A
102
}
330
2A
100
AcDbProxyObject
 90
      499
 91
      501
 93
      444
310
42D19858D95C185D1D195C9B90F409028333333333333E33F0000000000000F9010790141107004050150841D405064090741402480A0350
1001
ACAD
1000
AcDbSavedByObjectVersion
1070
     0
  0
ACAD_PROXY_OBJECT
  5
2B
102
{ACAD_REACTORS
330
2A
102
}
330
2A
100
AcDbProxyObject
 90
      499
 91
      501
 93
      380
310
41119B185D240901404333333333333E33F0000000000000F9010740A907004050150841D405064090741402480A1B50
1001
ACAD
1000
AcDbSavedByObjectVersion
1070
     0
  0
ACAD_PROXY_OBJECT
  5
2C
102
{ACAD_REACTORS
330
2A
102
}
330
2A
100
AcDbProxyObject
 90
      499
 91
      501
 93
      468
310
43519B185D15DA5D1A115919D95CD0140901404333333333333E33F0000000000000F90107409019070040501600405405064090741402480A1B50
1001
ACAD
1000
AcDbSavedByObjectVersion
1070
     0
  0
ACAD_PROXY_OBJECT
  5
2D
102
{ACAD_REACTORS
330
2A
102
}
330
2A
100
AcDbProxyObject
 90
      499
 91
      501
 93
      404
310
41D1DBDD5C985D5910240902404333333333333E33F0000000000000F9010740A9070040501641D405064090741402480A1B50
1001
ACAD
1000
AcDbSavedByObjectVersion
1070
     0
  0
ACAD_PROXY_OBJECT
  5
2E
102
{ACAD_REACTORS
330
2A
102
}
330
2A
100
AcDbProxyObject
 90
      499
 91
      501
 93
      492
310
4411DBDD5C985D5915DA5D1A115919D95CD0340902404333333333333E33F0000000000000F90107409019070040501600405405064090741402480A1B50
1001
ACAD
1000
AcDbSavedByObjectVersion
1070
     0
  0
ACAD_PROXY_OBJECT
  5
31
102
{ACAD_REACTORS
330
2A
102
}
330
2A
100
AcDbProxyObject
 90
      499
 91
      501
 93
      476
310
41921A5919195B90640502408333333333333E33F0000000000000F901079024090700405020000000000001110200405405064090740C02480A0340
1001
ACAD
1000
AcDbSavedByObjectVersion
1070
     0
  0
ACAD_PROXY_OBJECT
  5
3B
102
{ACAD_REACTORS
330
2A
102
}
330
2A
100
AcDbProxyObject
 90
      499
 91
      501
 93
      428
310
42529A5D1D195C93D999914409028333333333333E33F0000000000000F9010790141107004050150A41D405064090741402480A0350
1001
ACAD
1000
AcDbSavedByObjectVersion
1070
     0
  0
ACAD_PROXY_OBJECT
  5
38
102
{ACAD_REACTORS
330
2A
102
}
330
2A
100
AcDbProxyObject
 90
      499
 91
      501
 93
      444
310
42D31A5B995C185D1D195C9B90E409028333333333333E33F0000000000000F9010790141107004050750841D405064090741402483A0350
1001
ACAD
1000
AcDbSavedByObjectVersion
1070
     0
  0
ACAD_PROXY_OBJECT
  5
3C
102
{ACAD_REACTORS
330
2A
102
}
330
2A
100
AcDbProxyObject
 90
      499
 91
      501
 93
      444
310
42D3DD995C9A185B99D3D999915409028333333333333E33F0000000000000F9010790141107004050150941D405064090741402480A0350
1001
ACAD
1000
AcDbSavedByObjectVersion
1070
     0
  0
ACAD_PROXY_OBJECT
  5
33
102
{ACAD_REACTORS
330
2A
102
}
330
2A
100
AcDbProxyObject
 90
      499
 91
      501
 93
      428
310
425499585B1A5CDD1A58D08409038333333333333E33F0000000000000F9010740A907004050150800405405064090740C02480A1B40
1001
ACAD
1000
AcDbSavedByObjectVersion
1070
     0
  0
ACAD_PROXY_OBJECT
  5
42
102
{ACAD_REACTORS
330
2A
102
}
330
2A
100
AcDbProxyObject
 90
      499
 91
      501
 93
      420
310
4194DA1859195911B40902404333333333333E33F0000000000000F9010740A41107004050150800405405064090840C02480A0B40
1001
ACAD
1000
AcDbSavedByObjectVersion
1070
     0
  0
ACAD_PROXY_OBJECT
  5
41
102
{ACAD_REACTORS
330
2A
102
}
330
2A
100
AcDbProxyObject
 90
      499
 91
      501
 93
      516
310
4454DA18591959081DDA5D1A08195919D95CD1A40902404333333333333E33F0000000000000F901074090142907004050250800405405064090740C02480A0B40
1001
ACAD
1000
AcDbSavedByObjectVersion
1070
     0
  0
ACAD_PROXY_OBJECT
  5
3E
102
{ACAD_REACTORS
330
2A
102
}
330
2A
100
AcDbProxyObject
 90
      499
 91
      501
 93
      532
310
4394DA1859195CC81BD98811DC985E5174090240C333333333333E33F0000000000000F901079024090741D01000000000000111010841D405064090740C02480A0340
1001
ACAD
1000
AcDbSavedByObjectVersion
1070
     0
  0
ACAD_PROXY_OBJECT
  5
3F
102
{ACAD_REACTORS
330
2A
102
}
330
2A
100
AcDbProxyObject
 90
      499
 91
      501
 93
      476
310
41D4DAD95D18DA1E51840502408333333333333E33F0000000000000F901079024090741D01000000000000111010B41D405064090741802480A0340
1001
ACAD
1000
AcDbSavedByObjectVersion
1070
     0
  0
ACAD_PROXY_OBJECT
  5
37
102
{ACAD_REACTORS
330
2A
102
}
330
2A
100
AcDbProxyObject
 90
      499
 91
      501
 93
      412
310
41D51A1A58DAD95B90D409028333333333333E33F0000000000000F9010790141107004050150C41D405064090741402480A0350
1001
ACAD
1000
AcDbSavedByObjectVersion
1070
     0
  0
ACAD_PROXY_OBJECT
  5
30
102
{ACAD_REACTORS
330
2A
102
}
330
2A
100
AcDbProxyObject
 90
      499
 91
      501
 93
      420
310
4255DA5C99599C985B595059028333333333333E33F0000000000000F90107901411070040501600405405064090740C02480A0340
1001
ACAD
1000
AcDbSavedByObjectVersion
1070
     0
  0
ACAD_PROXY_OBJECT
  5
40
102
{ACAD_REACTORS
330
2A
102
}
330
2A
100
AcDbProxyObject
 90
      499
 91
      501
 93
      404
310
41560B54985E51940902404000000000000E03F0000000000000F9010740501907004050150841D405064090740C02480A1B40
1001
ACAD
1000
AcDbSavedByObjectVersion
1070
     0
  0
XRECORD
  5
10000269
102
{ACAD_REACTORS
330
1000025F
102
}
330
1000025F
100
AcDbXrecord
340
0
  0
XRECORD
  5
10000268
102
{ACAD_REACTORS
330
1000025F
102
}
330
1000025F
100
AcDbXrecord
 90
        0
  0
XRECORD
  5
1000027F
102
{ACAD_REACTORS
330
1000025F
102
}
330
1000025F
100
AcDbXrecord
1000
DSTYLE
1002
{
1070
   340
340
11
1002
}
  0
XRECORD
  5
1000026A
102
{ACAD_REACTORS
330
1000025F
102
}
330
1000025F
100
AcDbXrecord
  1
{34733831-7431-7277-b471-767230387464}
  0
XRECORD
  5
10000262
102
{ACAD_REACTORS
330
1000025F
102
}
330
1000025F
100
AcDbXrecord
  1

  0
XRECORD
  5
10000267
102
{ACAD_REACTORS
330
1000025F
102
}
330
1000025F
100
AcDbXrecord
 90
        4
  0
XRECORD
  5
10000264
102
{ACAD_REACTORS
330
1000025F
102
}
330
1000025F
100
AcDbXrecord
340
1A
  0
XRECORD
  5
10000266
102
{ACAD_REACTORS
330
1000025F
102
}
330
1000025F
100
AcDbXrecord
 90
    10781
  0
XRECORD
  5
10000265
102
{ACAD_REACTORS
330
1000025F
102
}
330
1000025F
100
AcDbXrecord
340
19
  0
XRECORD
  5
1000026C
102
{ACAD_REACTORS
330
1000025F
102
}
330
1000025F
100
AcDbXrecord
 40
0.0
  0
XRECORD
  5
1000026F
102
{ACAD_REACTORS
330
1000025F
102
}
330
1000025F
100
AcDbXrecord
340
0
  0
XRECORD
  5
10000275
102
{ACAD_REACTORS
330
1000025F
102
}
330
1000025F
100
AcDbXrecord
 10
0.0
 20
0.0
 30
0.0
  0
XRECORD
  5
10000271
102
{ACAD_REACTORS
330
1000025F
102
}
330
1000025F
100
AcDbXrecord
 10
0.0
 20
0.0
 30
0.0
  0
XRECORD
  5
10000274
102
{ACAD_REACTORS
330
1000025F
102
}
330
1000025F
100
AcDbXrecord
 10
0.0
 20
0.0
 30
0.0
  0
XRECORD
  5
10000272
102
{ACAD_REACTORS
330
1000025F
102
}
330
1000025F
100
AcDbXrecord
 10
0.0
 20
0.0
 30
0.0
  0
XRECORD
  5
10000273
102
{ACAD_REACTORS
330
1000025F
102
}
330
1000025F
100
AcDbXrecord
 10
0.0
 20
0.0
 30
0.0
  0
XRECORD
  5
10000270
102
{ACAD_REACTORS
330
1000025F
102
}
330
1000025F
100
AcDbXrecord
 10
0.0
 20
0.0
 30
0.0
  0
XRECORD
  5
1000026D
102
{ACAD_REACTORS
330
1000025F
102
}
330
1000025F
100
AcDbXrecord
340
0
  0
XRECORD
  5
1000026E
102
{ACAD_REACTORS
330
1000025F
102
}
330
1000025F
100
AcDbXrecord
 70
     0
  0
XRECORD
  5
10000263
102
{ACAD_REACTORS
330
1000025F
102
}
330
1000025F
100
AcDbXrecord
  1

  0
XRECORD
  5
10000260
102
{ACAD_REACTORS
330
1000025F
102
}
330
1000025F
100
AcDbXrecord
 90
        1
  0
XRECORD
  5
10000261
102
{ACAD_REACTORS
330
1000025F
102
}
330
1000025F
100
AcDbXrecord
 90
       70
  0
XRECORD
  5
10000278
102
{ACAD_REACTORS
330
1000025F
102
}
330
1000025F
100
AcDbXrecord
340
0
  0
XRECORD
  5
1000027E
102
{ACAD_REACTORS
330
1000025F
102
}
330
1000025F
100
AcDbXrecord
 10
0.0
 20
0.0
 30
0.0
  0
XRECORD
  5
1000027A
102
{ACAD_REACTORS
330
1000025F
102
}
330
1000025F
100
AcDbXrecord
 10
0.0
 20
0.0
 30
0.0
  0
XRECORD
  5
1000027D
102
{ACAD_REACTORS
330
1000025F
102
}
330
1000025F
100
AcDbXrecord
 10
0.0
 20
0.0
 30
0.0
  0
XRECORD
  5
1000027B
102
{ACAD_REACTORS
330
1000025F
102
}
330
1000025F
100
AcDbXrecord
 10
0.0
 20
0.0
 30
0.0
  0
XRECORD
  5
1000027C
102
{ACAD_REACTORS
330
1000025F
102
}
330
1000025F
100
AcDbXrecord
 10
0.0
 20
0.0
 30
0.0
  0
XRECORD
  5
10000279
102
{ACAD_REACTORS
330
1000025F
102
}
330
1000025F
100
AcDbXrecord
 10
0.0
 20
0.0
 30
0.0
  0
XRECORD
  5
10000276
102
{ACAD_REACTORS
330
1000025F
102
}
330
1000025F
100
AcDbXrecord
340
0
  0
XRECORD
  5
10000277
102
{ACAD_REACTORS
330
1000025F
102
}
330
1000025F
100
AcDbXrecord
 70
     0
  0
XRECORD
  5
1000026B
102
{ACAD_REACTORS
330
1000025F
102
}
330
1000025F
100
AcDbXrecord
  1
{FAEB1C32-E019-11D5-929B-00C0DF256EC4}
  0
DICTIONARYVAR
  5
1000028E
102
{ACAD_REACTORS
330
10000280
102
}
330
10000280
100
DictionaryVariables
280
     0
  1
1:1
  0
DICTIONARYVAR
  5
10000287
102
{ACAD_REACTORS
330
10000280
102
}
330
10000280
100
DictionaryVariables
280
     0
  1
3.500000
  0
DICTIONARYVAR
  5
10000288
102
{ACAD_REACTORS
330
10000280
102
}
330
10000280
100
DictionaryVariables
280
     0
  1
acadiso.lin
  0
DICTIONARYVAR
  5
10000282
102
{ACAD_REACTORS
330
10000280
102
}
330
10000280
100
DictionaryVariables
280
     0
  1
Standard
  0
DICTIONARYVAR
  5
10000281
102
{ACAD_REACTORS
330
10000280
102
}
330
10000280
100
DictionaryVariables
280
     0
  1
Standard
  0
DICTIONARYVAR
  5
10000289
102
{ACAD_REACTORS
330
10000280
102
}
330
10000280
100
DictionaryVariables
280
     0
  1
2
  0
DICTIONARYVAR
  5
1000028A
102
{ACAD_REACTORS
330
10000280
102
}
330
10000280
100
DictionaryVariables
280
     0
  1
1
  0
DICTIONARYVAR
  5
1000028F
102
{ACAD_REACTORS
330
10000280
102
}
330
10000280
100
DictionaryVariables
280
     0
  1
1
  0
DICTIONARYVAR
  5
10000284
102
{ACAD_REACTORS
330
10000280
102
}
330
10000280
100
DictionaryVariables
280
     0
  1
80.000000
  0
DICTIONARYVAR
  5
10000283
102
{ACAD_REACTORS
330
10000280
102
}
330
10000280
100
DictionaryVariables
280
     0
  1
5.000000
  0
XRECORD
  5
10000003
102
{ACAD_REACTORS
330
10000001
102
}
330
10000001
100
AcDbXrecord
 70
     4
  0
XRECORD
  5
10000002
102
{ACAD_REACTORS
330
10000001
102
}
330
10000001
100
AcDbXrecord
1040
89.0
  0
ACAD_PROXY_OBJECT
  5
10000005
102
{ACAD_REACTORS
330
10000001
102
}
330
10000001
100
AcDbProxyObject
 90
      499
 91
      509
 93
       34
310
40C8804040
  0
DICTIONARY
  5
10000292
330
45
100
AcDbDictionary
280
     1
  3
ACAD_XREC_ROUNDTRIP
360
10000293
  0
DICTIONARY
  5
10000290
330
44
100
AcDbDictionary
280
     1
  3
ACAD_XREC_ROUNDTRIP
360
10000291
  0
DICTIONARY
  5
10000294
330
46
100
AcDbDictionary
280
     1
  3
ACAD_XREC_ROUNDTRIP
360
10000295
  0
XRECORD
  5
10000293
102
{ACAD_REACTORS
330
10000292
102
}
330
10000292
100
AcDbXrecord
102
MATERIAL
148
0.0
149
0.0
149
0.0
 93
        0
 94
      127
282
     0
 72
     1
 77
     1
171
     1
175
     1
179
     1
273
     0
  0
XRECORD
  5
10000291
102
{ACAD_REACTORS
330
10000290
102
}
330
10000290
100
AcDbXrecord
102
MATERIAL
148
0.0
149
0.0
149
0.0
 93
        0
 94
      127
282
     0
 72
     1
 77
     1
171
     1
175
     1
179
     1
273
     0
  0
XRECORD
  5
10000295
102
{ACAD_REACTORS
330
10000294
102
}
330
10000294
100
AcDbXrecord
102
MATERIAL
148
0.0
149
0.0
149
0.0
 93
        0
 94
      127
282
     0
 72
     1
 77
     1
171
     1
175
     1
179
     1
273
     0
  0
ENDSEC
  0
EOF
